<tXML>
    <Header>
        <Source>SAP</Source>
        <Action_Type>update</Action_Type>
        <Batch_ID>4501060181</Batch_ID>
        <Reference_ID>${REF_ID}</Reference_ID>
        <Message_Type>DistributionOrder</Message_Type>
        <Company_ID>1</Company_ID>
        <Version>2012</Version>
        <External_Reference_ID>622bb177-7d5d-4633-a3a1-c10070b9b950</External_Reference_ID>
    </Header>
    <Message>
        <DistributionOrder>
            <DistributionOrderId>${DSTR_ORDER_ID}</DistributionOrderId>
            <OrderType>Z001</OrderType>
            <OrderedDttm>09/08/15 00:00</OrderedDttm>
            <DoFulfillmentStatus>Draft</DoFulfillmentStatus>
            <BillingMethodCode/>
            <ProductionScheduleRefNbr>1064</ProductionScheduleRefNbr>
            <Priority>30</Priority>
            <ReferenceField1>0887782244</ReferenceField1>
            <ReferenceField3>FR</ReferenceField3>
            <ResidentialDeliveryRequired>NEI</ResidentialDeliveryRequired>
            <IncotermName>DDP</IncotermName>
            <ExternalSystemPurchaseOrderNbr>PO1</ExternalSystemPurchaseOrderNbr>
            <SalesOrderNbr>04-01-2015</SalesOrderNbr>
            <CustomerName>0000179059</CustomerName>
            <DcCenterNbr/>
            <FederatedStoreNbr/>
            <PackingSlipType></PackingSlipType>
            <OriginFacilityAliasId>1064</OriginFacilityAliasId>
            <PickupStartDttm>5/1/18 00:00</PickupStartDttm>
            <PickupEndDttm>5/2/18 00:00</PickupEndDttm>
            <DestinationFacilityAliasId>0000179059</DestinationFacilityAliasId>
            <DestinationFacilityName>SMASH</DestinationFacilityName>
            <DestinationAddressLine1>8 RUE HENRI SEILLON</DestinationAddressLine1>
            <DestinationAddressLine2/>
            <DestinationAddressLine3/>
            <DestinationCity>ST TROPEZ</DestinationCity>
            <DestinationCountry>FR</DestinationCountry>
            <DestinationStateOrProvince>FR</DestinationStateOrProvince>
            <DestinationPostalCode>83990</DestinationPostalCode>
            <DeliveryStartDttm>03/20/15 00:00</DeliveryStartDttm>
            <DeliveryEndDttm>05/01/15 00:00</DeliveryEndDttm>
            <DestinationContactName/>
            <DestinationContactTelephoneNbr>04 94 97 41 13</DestinationContactTelephoneNbr>
            <DestinationContactEmailAddress/>
            <DestinationShipThruFacilityAliasId/>
            <DestinationGlobalLocationNbr/>
            <LpnCubingIndicator>51</LpnCubingIndicator>
            <PrepackCubingIndicator></PrepackCubingIndicator>
            <ShipGroupId/>
            <ShipGroupSequence/>
            <HasDocumentsOnly>false</HasDocumentsOnly>
            <BillToFacilityAliasId>0000179059</BillToFacilityAliasId>
            <BillToFacilityName>SMASH</BillToFacilityName>
            <BillToAddressLine1/>
            <BillToAddressLine2>8 RUE HENRI SEILLON</BillToAddressLine2>
            <BillToAddressLine3/>
            <BillToCity>ST TROPEZ</BillToCity>
            <BillToCountryCode>FR</BillToCountryCode>
            <BillToStateOrProv>FR</BillToStateOrProv>
            <BillToPostalCode>83990</BillToPostalCode>
            <BillToTelephoneNbr>04 94 97 41 13</BillToTelephoneNbr>
            <MarkFor>0000179059</MarkFor>
            <ARAcctNbr>0000179059</ARAcctNbr>
            <ARCode>N</ARCode>
            <AdvertisingCode>N</AdvertisingCode>
            <SchedDlvryEndDate>05/01/15 00:00</SchedDlvryEndDate>
            <DistributionOrderType>Customer Order</DistributionOrderType>
            <DsgShipVia/>
            <TaxId>STD</TaxId>
            <ProcessInfo>
                <RefTextField1>CEV1</RefTextField1>
                <RefTextField2>H333</RefTextField2>
                <RefTextField3>03</RefTextField3>
                <RefTextField4>N</RefTextField4>
                <RefTextField5>80</RefTextField5>
                <RefTextField6>3100</RefTextField6>
                <RefTextField7>001</RefTextField7>
                <RefTextField8>012</RefTextField8>
                <RefTextField9>01</RefTextField9>
                <RefTextField10/>
                <RefNumberField1>0</RefNumberField1>
                <CRefTextField6>N</CRefTextField6>
                <CRefTextField7>N</CRefTextField7>
            </ProcessInfo>
            <Comment>
                <NoteType>TF</NoteType>
                <NoteCode>TRAF</NoteCode>
                <CommentText>Door A</CommentText>
            </Comment>
            <CustomFieldList>
                <CustomField>
                    <Name>CSRUserid</Name>
                    <Value>BTC_EUR_SL</Value>
                </CustomField>
                <CustomField>
                    <Name>POReqd</Name>
                    <Value>N</Value>
                </CustomField>
                <CustomField>
                    <Name>DocByOrderFlag</Name>
                    <Value>Y</Value>
                </CustomField>
                <CustomField>
                    <Name>DeliveryTypeCode</Name>
                    <Value>ZLF</Value>
                </CustomField>
            </CustomFieldList>
            <LineItem>
                <DoLineNbr>900001</DoLineNbr>
                <ItemName>${ITEM_NAME}</ItemName>
                <DoLineStatus>Draft</DoLineStatus>
                <DeliveryStartDttm>03/20/15 00:00</DeliveryStartDttm>
                <ReferenceField1>EA</ReferenceField1>
                <Price>10.98</Price>
                <PurchaseOrderNbr>DAS5824732-5-8</PurchaseOrderNbr>
                <PurchaseOrderLineNbr/>
                <ManufacturingDttm>04/05/15 00:00</ManufacturingDttm>
                <ReferenceField2></ReferenceField2>
                <Quantity>
                    <OrderQty>${ALLOC_QTY}</OrderQty>
                    <QtyUOM>Unit</QtyUOM>
                </Quantity>
                <LineProcessInfo>
                    <LineRefTextField1>30</LineRefTextField1>
                    <LineRefTextField3>N</LineRefTextField3>
                    <LineRefTextField4>ACT</LineRefTextField4>
                    <LineRefTextField5>N</LineRefTextField5>
                    <LineRefTextField6/>
                    <LineRefTextField7>N</LineRefTextField7>
                    <LineRefTextField8>0045426590</LineRefTextField8>
                    <LineRefTextField9>3.000</LineRefTextField9>
                    <LineRefNumberField1>0.00</LineRefNumberField1>
                </LineProcessInfo>
                <InventoryAttributes>
                    <CountryOfOrigin>${CNTRY_OF_ORGN}</CountryOfOrigin>
                    <ItemAttribute1>${ITEM_ATTR_1}</ItemAttribute1>
                </InventoryAttributes>
            </LineItem>
        </DistributionOrder>
    </Message>
</tXML>
