<?xml version="1.0" encoding="UTF-8"?>
<!DOCTYPE suite SYSTEM "http://testng.org/testng-1.0.dtd">
<suite name="Regression" parallel="methods" thread-count="1">
	<test name="Test">	
		<classes>		
			<!-- Model test suite for sample dependent test cases -->
			<class name="com.nike.automation.wms.testset.model.TESTSET_WMS_ANYDC_SAMPLE" />
			
			<!-- Nike test suite for WMS automation test cases -->
 			<class name="com.nike.automation.wms.testset.dc.nalc.TESTSET_WMS_NALC_GROUPA_IB_1014" />
 			<class name="com.nike.automation.wms.testset.dc.htls.TESTSET_WMS_HTLS_GROUPB_OB_1064" /> 			
			<class name="com.nike.automation.wms.testset.dc.ham.TESTSET_WMS_HAM_GROUPA_OB_1064" />
									
			<!-- 
			<class name="com.nike.automation.wms.testset.dc.nalc.TESTSET_WMS_NALC_GROUPA_IB_1014" /> 
			<class name="com.nike.automation.wms.testset.dc.ham.TESTSET_WMS_HAM_GROUPA_OB_1064" />
			<class name="com.nike.automation.wms.testset.dc.htls.TESTSET_WMS_HTLS_GROUPA_IB_1064" />
			<class name="com.nike.automation.wms.testset.dc.htls.TESTSET_WMS_HTLS_GROUPB_OB_1064" /> 
			-->		
		</classes>
	</test>
</suite>