<?xml version="1.0" encoding="ISO-8859-1"?>
<tXML>
	<Header>
		<Source>SAP</Source>
		<Action_Type>update</Action_Type>
		<Batch_ID>4452883256</Batch_ID>
		<Reference_ID>${REF_ID}</Reference_ID>
		<Message_Type>DistributionOrder</Message_Type>
		<Company_ID>1</Company_ID>
		<Version>2012</Version>
		<External_Reference_ID>98705546-59b6-4963-8a1a-4bdbdae1a91a</External_Reference_ID>
		<Destination>1014</Destination>
	</Header>
	<Message>
		<DistributionOrder>
			<DistributionOrderId>${DSTR_ORDER_ID}</DistributionOrderId>
			<OrderType>Z007</OrderType>
			<DoFulfillmentStatus>Draft</DoFulfillmentStatus>
			<BillingMethodCode>0</BillingMethodCode>
			<BusinessPartnerId>NIKE</BusinessPartnerId>
			<ProductionScheduleRefNbr>1014</ProductionScheduleRefNbr>
			<Priority>20</Priority>
			<ReferenceField1>0706955291</ReferenceField1>
			<ReferenceField3>EN</ReferenceField3>
			<ResidentialDeliveryRequired>NEI</ResidentialDeliveryRequired>
			<IncotermName>FCA</IncotermName>
			<ExternalSystemPurchaseOrderNbr>12.25X CU TPR 14518</ExternalSystemPurchaseOrderNbr>
			<SalesOrderNbr>12.25X CU TPR 14518</SalesOrderNbr>
			<CustomerName>0000085582</CustomerName>
			<DcCenterNbr>44</DcCenterNbr>
			<FederatedStoreNbr>07094</FederatedStoreNbr>
			<OriginFacilityAliasId>1014</OriginFacilityAliasId>
			<PickupStartDttm>01/14/14 00:00</PickupStartDttm>
			<PickupEndDttm>07/10/14 00:00</PickupEndDttm>
			<DestinationFacilityAliasId>0000085582</DestinationFacilityAliasId>
			<DestinationFacilityName></DestinationFacilityName>
			<DestinationAddressLine1>11 W 34TH ST</DestinationAddressLine1>
			<DestinationAddressLine2></DestinationAddressLine2>
			<DestinationAddressLine3/>
			<DestinationCity>NEW YORK</DestinationCity>
			<DestinationCountry>US</DestinationCountry>
			<DestinationStateOrProvince>NY</DestinationStateOrProvince>
			<DestinationPostalCode>10001</DestinationPostalCode>
			<DeliveryStartDttm>01/14/14 00:00</DeliveryStartDttm>
			<DeliveryEndDttm>08/10/14 00:00</DeliveryEndDttm>
			<DestinationContactName/>
			<DestinationContactTelephoneNbr>212-971-9449</DestinationContactTelephoneNbr>
			<DestinationContactEmailAddress/>
			<DestinationShipThruFacilityAliasId/>
			<DestinationGlobalLocationNbr/>
			<LpnCubingIndicator>51</LpnCubingIndicator>
			<PrepackCubingIndicator>2</PrepackCubingIndicator>
			<ShipGroupId/>
			<ShipGroupSequence/>
			<HasDocumentsOnly>false</HasDocumentsOnly>
			<BillToFacilityAliasId>0000085582</BillToFacilityAliasId>
			<RouteType1>UGND</RouteType1>
			<MarkFor>0000085582</MarkFor>
			<ARAcctNbr>0000085582</ARAcctNbr>
			<ARCode>Y</ARCode>
			<AdvertisingCode>N</AdvertisingCode>
			<SchedDlvryEndDate>02/10/14 00:00</SchedDlvryEndDate>
			<DistributionOrderType>Customer Order</DistributionOrderType>
			<DsgShipVia>UPSG</DsgShipVia>
			<ProcessInfo>
				<RefTextField1/>
				<RefTextField2/>
				<RefTextField3>00</RefTextField3>
				<RefTextField5>41</RefTextField5>
				<RefTextField6>1000</RefTextField6>
				<RefTextField7>001</RefTextField7>
				<RefTextField8>012</RefTextField8>
				<RefTextField9>03</RefTextField9>
				<RefTextField10>042</RefTextField10>
				<RefNumberField1/>
			</ProcessInfo>
			<Comment>
				<NoteType>LB</NoteType>
				<NoteCode>CurrCode</NoteCode>
				<CommentText>USD</CommentText>
			</Comment>
			<CustomFieldList>
				<CustomField>
					<Name>CSRUserid</Name>
					<Value>SBRYAN</Value>
				</CustomField>
				<CustomField>
					<Name>POReqd</Name>
					<Value>001</Value>
				</CustomField>
				<CustomField>
					<Name>DocByOrderFlag</Name>
					<Value>N</Value>
				</CustomField>
				<CustomField>
					<Name>DeliveryTypeCode</Name>
					<Value>ZLF</Value>
				</CustomField>
				<CustomField>
					<Name>SupplyVndrNbr</Name>
					<Value>NIKE</Value>
				</CustomField>
			</CustomFieldList>
			<LineItem>
				<DoLineNbr>900001</DoLineNbr>
				<ItemName>${ITEM_NAME}</ItemName>
				<DoLineStatus>Draft</DoLineStatus>
				<ReferenceField1>EA</ReferenceField1>
				<PrepackGroupCode>03</PrepackGroupCode>
				<PrepackQty>1</PrepackQty>
				<AssortmentNbr>A001</AssortmentNbr>
				<Price>1.1</Price>
				<CustomsTag>CTU</CustomsTag>
				<PurchaseOrderNbr/>
				<PurchaseOrderLineNbr>810405</PurchaseOrderLineNbr>
				<ManufacturingDttm>01/13/14 00:00</ManufacturingDttm>
				<Quantity>
					<OrderQty>1.000</OrderQty>
					<QtyUOM>Unit</QtyUOM>
				</Quantity>
				<LineProcessInfo>
					<LineRefTextField1>10</LineRefTextField1>
					<LineRefTextField3>N</LineRefTextField3>
					<LineRefTextField4>IAC</LineRefTextField4>
					<LineRefTextField5>N</LineRefTextField5>
					<LineRefTextField6/>
					<LineRefTextField7>N</LineRefTextField7>
					<LineRefTextField8>0040841142</LineRefTextField8>
					<LineRefTextField9>7.000</LineRefTextField9>
					<LineRefNumberField1>.0000</LineRefNumberField1>
				</LineProcessInfo>
				<InventoryAttributes>
					<ProductStatus/>
					<ItemAttribute1>${ITEM_ATTR_1}</ItemAttribute1>
				</InventoryAttributes>
			</LineItem>
		</DistributionOrder>
		<DistributionOrder>
			<DistributionOrderId>${DSTR_ORDER_ID}</DistributionOrderId>
			<OrderType>Z007</OrderType>
			<DoFulfillmentStatus>Draft</DoFulfillmentStatus>
			<BillingMethodCode>0</BillingMethodCode>
			<BusinessPartnerId>NIKE</BusinessPartnerId>
			<ProductionScheduleRefNbr>1014</ProductionScheduleRefNbr>
			<Priority>20</Priority>
			<ReferenceField1>0706955291</ReferenceField1>
			<ReferenceField3>EN</ReferenceField3>
			<ResidentialDeliveryRequired>NEI</ResidentialDeliveryRequired>
			<IncotermName>FCA</IncotermName>
			<ExternalSystemPurchaseOrderNbr>12.25X CU TPR 14518</ExternalSystemPurchaseOrderNbr>
			<SalesOrderNbr>12.25X CU TPR 14518</SalesOrderNbr>
			<CustomerName>0000085582</CustomerName>
			<DcCenterNbr>44</DcCenterNbr>
			<FederatedStoreNbr>07094</FederatedStoreNbr>
			<OriginFacilityAliasId>1014</OriginFacilityAliasId>
			<PickupStartDttm>01/14/14 00:00</PickupStartDttm>
			<PickupEndDttm>07/10/14 00:00</PickupEndDttm>
			<DestinationFacilityAliasId>0000085582</DestinationFacilityAliasId>
			<DestinationFacilityName></DestinationFacilityName>
			<DestinationAddressLine1>11 W 34TH ST</DestinationAddressLine1>
			<DestinationAddressLine2></DestinationAddressLine2>
			<DestinationAddressLine3/>
			<DestinationCity>NEW YORK</DestinationCity>
			<DestinationCountry>US</DestinationCountry>
			<DestinationStateOrProvince>NY</DestinationStateOrProvince>
			<DestinationPostalCode>10001</DestinationPostalCode>
			<DeliveryStartDttm>01/14/14 00:00</DeliveryStartDttm>
			<DeliveryEndDttm>08/10/14 00:00</DeliveryEndDttm>
			<DestinationContactName/>
			<DestinationContactTelephoneNbr>212-971-9449</DestinationContactTelephoneNbr>
			<DestinationContactEmailAddress/>
			<DestinationShipThruFacilityAliasId/>
			<DestinationGlobalLocationNbr/>
			<LpnCubingIndicator>51</LpnCubingIndicator>
			<PrepackCubingIndicator>2</PrepackCubingIndicator>
			<ShipGroupId/>
			<ShipGroupSequence/>
			<HasDocumentsOnly>false</HasDocumentsOnly>
			<BillToFacilityAliasId>0000085582</BillToFacilityAliasId>
			<RouteType1>UGND</RouteType1>
			<MarkFor>0000085582</MarkFor>
			<ARAcctNbr>0000085582</ARAcctNbr>
			<ARCode>Y</ARCode>
			<AdvertisingCode>N</AdvertisingCode>
			<SchedDlvryEndDate>02/10/14 00:00</SchedDlvryEndDate>
			<DistributionOrderType>Customer Order</DistributionOrderType>
			<DsgShipVia>UPSG</DsgShipVia>
			<ProcessInfo>
				<RefTextField1/>
				<RefTextField2/>
				<RefTextField3>00</RefTextField3>
				<RefTextField5>41</RefTextField5>
				<RefTextField6>1000</RefTextField6>
				<RefTextField7>001</RefTextField7>
				<RefTextField8>012</RefTextField8>
				<RefTextField9>03</RefTextField9>
				<RefTextField10>042</RefTextField10>
				<RefNumberField1/>
			</ProcessInfo>
			<Comment>
				<NoteType>LB</NoteType>
				<NoteCode>CurrCode</NoteCode>
				<CommentText>USD</CommentText>
			</Comment>
			<CustomFieldList>
				<CustomField>
					<Name>CSRUserid</Name>
					<Value>SBRYAN</Value>
				</CustomField>
				<CustomField>
					<Name>POReqd</Name>
					<Value>001</Value>
				</CustomField>
				<CustomField>
					<Name>DocByOrderFlag</Name>
					<Value>N</Value>
				</CustomField>
				<CustomField>
					<Name>DeliveryTypeCode</Name>
					<Value>ZLF</Value>
				</CustomField>
				<CustomField>
					<Name>SupplyVndrNbr</Name>
					<Value>NIKE</Value>
				</CustomField>
			</CustomFieldList>
			<LineItem>
				<DoLineNbr>900001</DoLineNbr>
				<ItemName>${ITEM_NAME}</ItemName>
				<DoLineStatus>Draft</DoLineStatus>
				<ReferenceField1>EA</ReferenceField1>
				<PrepackGroupCode>03</PrepackGroupCode>
				<PrepackQty>1</PrepackQty>
				<AssortmentNbr>A001</AssortmentNbr>
				<Price>1.1</Price>
				<CustomsTag>CTU</CustomsTag>
				<PurchaseOrderNbr/>
				<PurchaseOrderLineNbr>810405</PurchaseOrderLineNbr>
				<ManufacturingDttm>01/13/14 00:00</ManufacturingDttm>
				<Quantity>
					<OrderQty>1.000</OrderQty>
					<QtyUOM>Unit</QtyUOM>
				</Quantity>
				<LineProcessInfo>
					<LineRefTextField1>10</LineRefTextField1>
					<LineRefTextField3>N</LineRefTextField3>
					<LineRefTextField4>IAC</LineRefTextField4>
					<LineRefTextField5>N</LineRefTextField5>
					<LineRefTextField6/>
					<LineRefTextField7>N</LineRefTextField7>
					<LineRefTextField8>0040841142</LineRefTextField8>
					<LineRefTextField9>7.000</LineRefTextField9>
					<LineRefNumberField1>.0000</LineRefNumberField1>
				</LineProcessInfo>
				<InventoryAttributes>
					<ProductStatus/>
					<ItemAttribute1>01000</ItemAttribute1>
				</InventoryAttributes>
			</LineItem>
		</DistributionOrder>
		<DistributionOrder>
			<DistributionOrderId>${DSTR_ORDER_ID}</DistributionOrderId>
			<OrderType>Z007</OrderType>
			<DoFulfillmentStatus>Draft</DoFulfillmentStatus>
			<BillingMethodCode>0</BillingMethodCode>
			<BusinessPartnerId>NIKE</BusinessPartnerId>
			<ProductionScheduleRefNbr>1014</ProductionScheduleRefNbr>
			<Priority>20</Priority>
			<ReferenceField1>0706955291</ReferenceField1>
			<ReferenceField3>EN</ReferenceField3>
			<ResidentialDeliveryRequired>NEI</ResidentialDeliveryRequired>
			<IncotermName>FCA</IncotermName>
			<ExternalSystemPurchaseOrderNbr>12.25X CU TPR 14518</ExternalSystemPurchaseOrderNbr>
			<SalesOrderNbr>12.25X CU TPR 14518</SalesOrderNbr>
			<CustomerName>0000085582</CustomerName>
			<DcCenterNbr>44</DcCenterNbr>
			<FederatedStoreNbr>07094</FederatedStoreNbr>
			<OriginFacilityAliasId>1014</OriginFacilityAliasId>
			<PickupStartDttm>01/14/14 00:00</PickupStartDttm>
			<PickupEndDttm>07/10/14 00:00</PickupEndDttm>
			<DestinationFacilityAliasId>0000085582</DestinationFacilityAliasId>
			<DestinationFacilityName></DestinationFacilityName>
			<DestinationAddressLine1>11 W 34TH ST</DestinationAddressLine1>
			<DestinationAddressLine2></DestinationAddressLine2>
			<DestinationAddressLine3/>
			<DestinationCity>NEW YORK</DestinationCity>
			<DestinationCountry>US</DestinationCountry>
			<DestinationStateOrProvince>NY</DestinationStateOrProvince>
			<DestinationPostalCode>10001</DestinationPostalCode>
			<DeliveryStartDttm>01/14/14 00:00</DeliveryStartDttm>
			<DeliveryEndDttm>08/10/14 00:00</DeliveryEndDttm>
			<DestinationContactName/>
			<DestinationContactTelephoneNbr>212-971-9449</DestinationContactTelephoneNbr>
			<DestinationContactEmailAddress/>
			<DestinationShipThruFacilityAliasId/>
			<DestinationGlobalLocationNbr/>
			<LpnCubingIndicator>51</LpnCubingIndicator>
			<PrepackCubingIndicator>2</PrepackCubingIndicator>
			<ShipGroupId/>
			<ShipGroupSequence/>
			<HasDocumentsOnly>false</HasDocumentsOnly>
			<BillToFacilityAliasId>0000085582</BillToFacilityAliasId>
			<RouteType1>UGND</RouteType1>
			<MarkFor>0000085582</MarkFor>
			<ARAcctNbr>0000085582</ARAcctNbr>
			<ARCode>Y</ARCode>
			<AdvertisingCode>N</AdvertisingCode>
			<SchedDlvryEndDate>02/10/14 00:00</SchedDlvryEndDate>
			<DistributionOrderType>Customer Order</DistributionOrderType>
			<DsgShipVia>UPSG</DsgShipVia>
			<ProcessInfo>
				<RefTextField1/>
				<RefTextField2/>
				<RefTextField3>00</RefTextField3>
				<RefTextField5>41</RefTextField5>
				<RefTextField6>1000</RefTextField6>
				<RefTextField7>001</RefTextField7>
				<RefTextField8>012</RefTextField8>
				<RefTextField9>03</RefTextField9>
				<RefTextField10>042</RefTextField10>
				<RefNumberField1/>
			</ProcessInfo>
			<Comment>
				<NoteType>LB</NoteType>
				<NoteCode>CurrCode</NoteCode>
				<CommentText>USD</CommentText>
			</Comment>
			<CustomFieldList>
				<CustomField>
					<Name>CSRUserid</Name>
					<Value>SBRYAN</Value>
				</CustomField>
				<CustomField>
					<Name>POReqd</Name>
					<Value>001</Value>
				</CustomField>
				<CustomField>
					<Name>DocByOrderFlag</Name>
					<Value>N</Value>
				</CustomField>
				<CustomField>
					<Name>DeliveryTypeCode</Name>
					<Value>ZLF</Value>
				</CustomField>
				<CustomField>
					<Name>SupplyVndrNbr</Name>
					<Value>NIKE</Value>
				</CustomField>
			</CustomFieldList>
			<LineItem>
				<DoLineNbr>900001</DoLineNbr>
				<ItemName>5${ITEM_NAME}</ItemName>
				<DoLineStatus>Draft</DoLineStatus>
				<ReferenceField1>EA</ReferenceField1>
				<PrepackGroupCode>03</PrepackGroupCode>
				<PrepackQty>1</PrepackQty>
				<AssortmentNbr>A001</AssortmentNbr>
				<Price>1.1</Price>
				<CustomsTag>CTU</CustomsTag>
				<PurchaseOrderNbr/>
				<PurchaseOrderLineNbr>810405</PurchaseOrderLineNbr>
				<ManufacturingDttm>01/13/14 00:00</ManufacturingDttm>
				<Quantity>
					<OrderQty>1.000</OrderQty>
					<QtyUOM>Unit</QtyUOM>
				</Quantity>
				<LineProcessInfo>
					<LineRefTextField1>10</LineRefTextField1>
					<LineRefTextField3>N</LineRefTextField3>
					<LineRefTextField4>IAC</LineRefTextField4>
					<LineRefTextField5>N</LineRefTextField5>
					<LineRefTextField6/>
					<LineRefTextField7>N</LineRefTextField7>
					<LineRefTextField8>0040841142</LineRefTextField8>
					<LineRefTextField9>7.000</LineRefTextField9>
					<LineRefNumberField1>.0000</LineRefNumberField1>
				</LineProcessInfo>
				<InventoryAttributes>
					<ProductStatus/>
					<ItemAttribute1>${ITEM_ATTR_1}</ItemAttribute1>
				</InventoryAttributes>
			</LineItem>
		</DistributionOrder>
		<DistributionOrder>
			<DistributionOrderId>${DSTR_ORDER_ID}</DistributionOrderId>
			<OrderType>Z007</OrderType>
			<DoFulfillmentStatus>Draft</DoFulfillmentStatus>
			<BillingMethodCode>0</BillingMethodCode>
			<BusinessPartnerId>NIKE</BusinessPartnerId>
			<ProductionScheduleRefNbr>1014</ProductionScheduleRefNbr>
			<Priority>20</Priority>
			<ReferenceField1>0706955291</ReferenceField1>
			<ReferenceField3>EN</ReferenceField3>
			<ResidentialDeliveryRequired>NEI</ResidentialDeliveryRequired>
			<IncotermName>FCA</IncotermName>
			<ExternalSystemPurchaseOrderNbr>12.25X CU TPR 14518</ExternalSystemPurchaseOrderNbr>
			<SalesOrderNbr>12.25X CU TPR 14518</SalesOrderNbr>
			<CustomerName>0000085582</CustomerName>
			<DcCenterNbr>44</DcCenterNbr>
			<FederatedStoreNbr>07094</FederatedStoreNbr>
			<OriginFacilityAliasId>1014</OriginFacilityAliasId>
			<PickupStartDttm>01/14/14 00:00</PickupStartDttm>
			<PickupEndDttm>07/10/14 00:00</PickupEndDttm>
			<DestinationFacilityAliasId>0000085582</DestinationFacilityAliasId>
			<DestinationFacilityName></DestinationFacilityName>
			<DestinationAddressLine1>11 W 34TH ST</DestinationAddressLine1>
			<DestinationAddressLine2></DestinationAddressLine2>
			<DestinationAddressLine3/>
			<DestinationCity>NEW YORK</DestinationCity>
			<DestinationCountry>US</DestinationCountry>
			<DestinationStateOrProvince>NY</DestinationStateOrProvince>
			<DestinationPostalCode>10001</DestinationPostalCode>
			<DeliveryStartDttm>01/14/14 00:00</DeliveryStartDttm>
			<DeliveryEndDttm>08/10/14 00:00</DeliveryEndDttm>
			<DestinationContactName/>
			<DestinationContactTelephoneNbr>212-971-9449</DestinationContactTelephoneNbr>
			<DestinationContactEmailAddress/>
			<DestinationShipThruFacilityAliasId/>
			<DestinationGlobalLocationNbr/>
			<LpnCubingIndicator>51</LpnCubingIndicator>
			<PrepackCubingIndicator>2</PrepackCubingIndicator>
			<ShipGroupId/>
			<ShipGroupSequence/>
			<HasDocumentsOnly>false</HasDocumentsOnly>
			<BillToFacilityAliasId>0000085582</BillToFacilityAliasId>
			<RouteType1>UGND</RouteType1>
			<MarkFor>0000085582</MarkFor>
			<ARAcctNbr>0000085582</ARAcctNbr>
			<ARCode>Y</ARCode>
			<AdvertisingCode>N</AdvertisingCode>
			<SchedDlvryEndDate>02/10/14 00:00</SchedDlvryEndDate>
			<DistributionOrderType>Customer Order</DistributionOrderType>
			<DsgShipVia>UPSG</DsgShipVia>
			<ProcessInfo>
				<RefTextField1/>
				<RefTextField2/>
				<RefTextField3>00</RefTextField3>
				<RefTextField5>41</RefTextField5>
				<RefTextField6>1000</RefTextField6>
				<RefTextField7>001</RefTextField7>
				<RefTextField8>012</RefTextField8>
				<RefTextField9>03</RefTextField9>
				<RefTextField10>042</RefTextField10>
				<RefNumberField1/>
			</ProcessInfo>
			<Comment>
				<NoteType>LB</NoteType>
				<NoteCode>CurrCode</NoteCode>
				<CommentText>USD</CommentText>
			</Comment>
			<CustomFieldList>
				<CustomField>
					<Name>CSRUserid</Name>
					<Value>SBRYAN</Value>
				</CustomField>
				<CustomField>
					<Name>POReqd</Name>
					<Value>001</Value>
				</CustomField>
				<CustomField>
					<Name>DocByOrderFlag</Name>
					<Value>N</Value>
				</CustomField>
				<CustomField>
					<Name>DeliveryTypeCode</Name>
					<Value>ZLF</Value>
				</CustomField>
				<CustomField>
					<Name>SupplyVndrNbr</Name>
					<Value>NIKE</Value>
				</CustomField>
			</CustomFieldList>
			<LineItem>
				<DoLineNbr>900001</DoLineNbr>
				<ItemName>${ITEM_NAME}</ItemName>
				<DoLineStatus>Draft</DoLineStatus>
				<ReferenceField1>EA</ReferenceField1>
				<PrepackGroupCode>03</PrepackGroupCode>
				<PrepackQty>1</PrepackQty>
				<AssortmentNbr>A001</AssortmentNbr>
				<Price>1.1</Price>
				<CustomsTag>CTU</CustomsTag>
				<PurchaseOrderNbr/>
				<PurchaseOrderLineNbr>810405</PurchaseOrderLineNbr>
				<ManufacturingDttm>01/13/14 00:00</ManufacturingDttm>
				<Quantity>
					<OrderQty>1.000</OrderQty>
					<QtyUOM>Unit</QtyUOM>
				</Quantity>
				<LineProcessInfo>
					<LineRefTextField1>10</LineRefTextField1>
					<LineRefTextField3>N</LineRefTextField3>
					<LineRefTextField4>IAC</LineRefTextField4>
					<LineRefTextField5>N</LineRefTextField5>
					<LineRefTextField6/>
					<LineRefTextField7>N</LineRefTextField7>
					<LineRefTextField8>0040841142</LineRefTextField8>
					<LineRefTextField9>7.000</LineRefTextField9>
					<LineRefNumberField1>.0000</LineRefNumberField1>
				</LineProcessInfo>
				<InventoryAttributes>
					<ProductStatus/>
					<ItemAttribute1>${ITEM_ATTR_1}</ItemAttribute1>
				</InventoryAttributes>
			</LineItem>
		</DistributionOrder>
		<DistributionOrder>
			<DistributionOrderId>${DSTR_ORDER_ID}</DistributionOrderId>
			<OrderType>Z007</OrderType>
			<OrderedDttm>03/20/15 00:00</OrderedDttm>
			<DoFulfillmentStatus>Draft</DoFulfillmentStatus>
			<BillingMethodCode>1</BillingMethodCode>
			<ProductionScheduleRefNbr>1014</ProductionScheduleRefNbr>
			<Priority>40</Priority>
			<ReferenceField1>0700065242</ReferenceField1>
			<ReferenceField3>EN</ReferenceField3>
			<ResidentialDeliveryRequired>NEI</ResidentialDeliveryRequired>
			<IncotermName>FCA</IncotermName>
			<ExternalSystemPurchaseOrderNbr>460642354VK</ExternalSystemPurchaseOrderNbr>
			<SalesOrderNbr>460642354VK</SalesOrderNbr>
			<CustomerName>0000078143</CustomerName>
			<DcCenterNbr>1612</DcCenterNbr>
			<FederatedStoreNbr>00106</FederatedStoreNbr>
			<OriginFacilityAliasId>1014</OriginFacilityAliasId>
			<PickupStartDttm>05/02/16 00:00</PickupStartDttm>
			<PickupEndDttm>07/17/16 00:00</PickupEndDttm>
			<DestinationFacilityAliasId>0000078143</DestinationFacilityAliasId>
			<DestinationFacilityName>NIKE 106 WRENTHAM</DestinationFacilityName>
			<DestinationAddressLine1>1 PREMIUM OUTLETS BLVD STE 600</DestinationAddressLine1>
			<DestinationAddressLine2/>
			<DestinationAddressLine3/>
			<DestinationCity>WRENTHAM</DestinationCity>
			<DestinationCountry>US</DestinationCountry>
			<DestinationStateOrProvince>MA</DestinationStateOrProvince>
			<DestinationPostalCode>02093</DestinationPostalCode>
			<DeliveryStartDttm>03/26/15 00:00</DeliveryStartDttm>
			<DeliveryEndDttm>07/20/15 00:00</DeliveryEndDttm>
			<DestinationContactName/>
			<DestinationContactTelephoneNbr>508-384-1800</DestinationContactTelephoneNbr>
			<DestinationContactEmailAddress/>
			<DestinationShipThruFacilityAliasId/>
			<DestinationGlobalLocationNbr>00106</DestinationGlobalLocationNbr>
			<LpnCubingIndicator>51</LpnCubingIndicator>
			<PrepackCubingIndicator>2</PrepackCubingIndicator>
			<ShipGroupId/>
			<ShipGroupSequence/>
			<HasDocumentsOnly>false</HasDocumentsOnly>
			<BillToFacilityAliasId>0000078143</BillToFacilityAliasId>
			<BillToFacilityName>NIKE FACTORY STORE</BillToFacilityName>
			<BillToAddressLine1/>
			<BillToAddressLine2>1 BOWERMAN DR</BillToAddressLine2>
			<BillToAddressLine3/>
			<BillToCity>BEAVERTON</BillToCity>
			<BillToCountryCode>US</BillToCountryCode>
			<BillToStateOrProv>OR</BillToStateOrProv>
			<BillToPostalCode>97005</BillToPostalCode>
			<RouteType1>48</RouteType1>
			<MarkFor>0000078143</MarkFor>
			<ARAcctNbr>0000078143</ARAcctNbr>
			<ARCode>Y</ARCode>
			<AdvertisingCode>N</AdvertisingCode>
			<SchedDlvryEndDate>07/20/15 00:00</SchedDlvryEndDate>
			<DistributionOrderType>Customer Order</DistributionOrderType>
			<TaxId>2DA</TaxId>
			<DsgShipVia>TRAF</DsgShipVia>
			<ProcessInfo>
				<RefTextField1/>
				<RefTextField2/>
				<RefTextField3>03</RefTextField3>
				<RefTextField4>N</RefTextField4>
				<RefTextField5>04</RefTextField5>
				<RefTextField6>1000</RefTextField6>
				<RefTextField7>004</RefTextField7>
				<RefTextField8>009</RefTextField8>
				<RefTextField9>22</RefTextField9>
				<RefTextField10/>
				<RefNumberField1>20</RefNumberField1>
				<CRefTextField5>N</CRefTextField5>
				<CRefTextField6>N</CRefTextField6>
			</ProcessInfo>
			<Comment>
				<NoteType>LB</NoteType>
				<NoteCode>CurrCode</NoteCode>
				<CommentText>USD</CommentText>
			</Comment>
			<Comment>
				<NoteType>LB</NoteType>
				<NoteCode>MARKFRNM</NoteCode>
				<CommentText>NIKE 106 WRENTHAM</CommentText>
			</Comment>
			<Comment>
				<NoteType>LB</NoteType>
				<NoteCode>DeptId</NoteCode>
				<CommentText>0000364336</CommentText>
			</Comment>
			<Comment>
				<NoteType>LB</NoteType>
				<NoteCode>DeptNm</NoteCode>
				<CommentText>WOMTRN-W-AP</CommentText>
			</Comment>
			<Comment>
				<NoteType>TF</NoteType>
				<NoteCode>TRAF</NoteCode>
				<CommentText>NDA</CommentText>
			</Comment>
			<CustomFieldList>
				<CustomField>
					<Name>CSRUserid</Name>
					<Value>SBEK</Value>
				</CustomField>
				<CustomField>
					<Name>POReqd</Name>
					<Value>N</Value>
				</CustomField>
				<CustomField>
					<Name>DocByOrderFlag</Name>
					<Value>N</Value>
				</CustomField>
				<CustomField>
					<Name>DeliveryTypeCode</Name>
					<Value>ZLF</Value>
				</CustomField>
				<CustomField>
					<Name>SupplyVndrNbr</Name>
					<Value>NIKE</Value>
				</CustomField>
			</CustomFieldList>
			<LineItem>
				<DoLineNbr>900001</DoLineNbr>
				<ItemName>${ITEM_NAME}</ItemName>
				<DoLineStatus>Draft</DoLineStatus>
				<DeliveryStartDttm>03/26/15 00:00</DeliveryStartDttm>
				<ReferenceField1>EA</ReferenceField1>
				<VasProcessType>2</VasProcessType>
				<Price>10.98</Price>
				<RetailPrice>40</RetailPrice>
				<PriceTicketType>OUT</PriceTicketType>
				<PurchaseOrderNbr/>
				<PurchaseOrderLineNbr>00021</PurchaseOrderLineNbr>
				<ManufacturingDttm>03/23/15 00:00</ManufacturingDttm>
				<Quantity>
					<OrderQty>1.000</OrderQty>
					<QtyUOM>Unit</QtyUOM>
				</Quantity>
				<LineProcessInfo>
					<LineRefTextField1>10</LineRefTextField1>
					<LineRefTextField3>Y</LineRefTextField3>
					<LineRefTextField4>ACT</LineRefTextField4>
					<LineRefTextField5>N</LineRefTextField5>
					<LineRefTextField6/>
					<LineRefTextField7>N</LineRefTextField7>
					<LineRefTextField8>0047088680</LineRefTextField8>
					<LineRefTextField9>1.000</LineRefTextField9>
					<LineRefNumberField1>20.00</LineRefNumberField1>
				</LineProcessInfo>
				<InventoryAttributes>
					<CountryOfOrigin>*</CountryOfOrigin>
					<ItemAttribute1>${ITEM_ATTR_1}</ItemAttribute1>
				</InventoryAttributes>
				<Comment>
					<NoteType>VS</NoteType>
					<NoteCode>HT</NoteCode>
					<CommentText>HT</CommentText>
				</Comment>
				<Comment>
					<NoteType>LB</NoteType>
					<NoteCode>HT</NoteCode>
					<CommentText>HT</CommentText>
				</Comment>
				<Comment>
					<NoteType>VS</NoteType>
					<NoteCode>LBL</NoteCode>
					<CommentText>OUT</CommentText>
				</Comment>
				<Comment>
					<NoteType>LB</NoteType>
					<NoteCode>LBL</NoteCode>
					<CommentText>OUT</CommentText>
				</Comment>
				<Comment>
					<NoteType>VS</NoteType>
					<NoteCode>PRI</NoteCode>
					<CommentText>40</CommentText>
				</Comment>
				<Comment>
					<NoteType>LB</NoteType>
					<NoteCode>PRI</NoteCode>
					<CommentText>40</CommentText>
				</Comment>
				<Comment>
					<NoteType>VS</NoteType>
					<NoteCode>AA</NoteCode>
					<CommentText>AA</CommentText>
				</Comment>
				<Comment>
					<NoteType>VS</NoteType>
					<NoteCode>HCLT12</NoteCode>
					<CommentText>HNG</CommentText>
				</Comment>
			</LineItem>
		</DistributionOrder>
	</Message>
</tXML>