<?xml version="1.0" encoding="ISO-8859-1"?>
<tXML>
	<Header>
		<Source>SAP</Source>
		<Action_Type>Update</Action_Type>
		<Batch_ID>4122114944</Batch_ID>
		<Reference_ID>MSIV818291</Reference_ID>
		<Message_Type>ASN</Message_Type>
		<Company_ID>1</Company_ID>
		<Version>2012</Version>
		<External_Reference_ID>4153228c-c40e-404a-8546-4484ac9100f9</External_Reference_ID>
		<Destination>1014</Destination>
	</Header>
	<Message>
		<ASN>
			<ASNID>msiv818291</ASNID>
			<BusinessPartnerCode>FJ</BusinessPartnerCode>
			<OriginFacilityAliasID>RGS</OriginFacilityAliasID>
			<DestinationFacilityAliasID>1014</DestinationFacilityAliasID>
			<PickupEndDTTM>09/25/14 00:00</PickupEndDTTM>
			<DeliveryStart>10/20/14 00:00</DeliveryStart>
			<AssignedCarrierCode>APLU</AssignedCarrierCode>
			<BillOfLadingNumber>APLL91130150218</BillOfLadingNumber>
			<PRONumber>APLU0150218</PRONumber>
			<ExternalSysCreationDTTM>09/25/14 00:00</ExternalSysCreationDTTM>
			<OriginType>P</OriginType>
			<ContractLocation>1014</ContractLocation>
			<TotalWeight>182.000</TotalWeight>
			<TotalWeightUOM>KG</TotalWeightUOM>
			<SealNumbers>
				<SealNumber>SEAL9590</SealNumber>
			</SealNumbers>
			<LPN>
				<LPNID>msiv561483639818291</LPNID>
				<LPNType>LPN</LPNType>
				<LPNSizeType>CAR</LPNSizeType>
				<Height>.0000</Height>
				<Width>.0000</Width>
				<Length>.0000</Length>
				<DestinationFacilityAliasID>1014</DestinationFacilityAliasID>
				<ProcessImmdNeeds>Y</ProcessImmdNeeds>
				<BusinessPartnerId>FJ</BusinessPartnerId>
				<ActualWeight>37.960</ActualWeight>
				<WeightUOM>KG</WeightUOM>
				<ActualVolume>.0000</ActualVolume>
				<VolumeUOM>CCM</VolumeUOM>
				<LPNDetail>
					<ItemName>580374-603-6</ItemName>
					<PurchaseOrderID>4501201201501</PurchaseOrderID>
					<PurchaseOrderLineItemID>000010-0004</PurchaseOrderLineItemID>
					<DistributionOrderLineItemID>900001</DistributionOrderLineItemID>
					<CutNbr>0177234400</CutNbr>
					<ItemSequenceNbr>0040183170</ItemSequenceNbr>
					<AssortmentNbr>PR</AssortmentNbr>
					<LPNDetailQuantity>
						<Quantity>6.0000</Quantity>
						<QuantityUOM>Unit</QuantityUOM>
						<ShippedAsnQuantity>6.0000</ShippedAsnQuantity>
						<OriginalQuantity>6.0000</OriginalQuantity>
					</LPNDetailQuantity>
					<InventoryAttributes>
						<ItemAttribute1>01000</ItemAttribute1>
						<CountryofOrigin>CN</CountryofOrigin>
					</InventoryAttributes>
				</LPNDetail>
			</LPN>
		</ASN>
	</Message>
</tXML>
