<?xml version="1.0" encoding="UTF-8"?><tXML>
	<Header>
		<Source>SAP</Source>
		<Action_Type/>
		<Batch_ID>3556138908</Batch_ID>
		<Reference_ID>MS06261401</Reference_ID>
		<Message_Type>DistributionOrder</Message_Type>
		<Company_ID>1</Company_ID>
		<Version>2012</Version>
		<External_Reference_ID>465c8c44-ae47-4a5e-ba5a-d5ce23a7da16</External_Reference_ID>
		<Destination>1014</Destination>
	</Header>
	<Message>
		<DistributionOrder>
			<DistributionOrderId>RRAMA32578600</DistributionOrderId>
			<OrderType>Z003</OrderType>
			<DoFulfillmentStatus>Draft</DoFulfillmentStatus>
			<BillingMethodCode>0</BillingMethodCode>
			<BusinessPartnerId>NIKE</BusinessPartnerId>
			<ProductionScheduleRefNbr>1014</ProductionScheduleRefNbr>
			<Priority>20</Priority>
			<ReferenceField1>0875733403</ReferenceField1>
			<ReferenceField3>EN</ReferenceField3>
			<ResidentialDeliveryRequired>NEI</ResidentialDeliveryRequired>
			<IncotermName>FCA</IncotermName>
			<ExternalSystemPurchaseOrderNbr>12.25X CU TPR 14518</ExternalSystemPurchaseOrderNbr>
			<SalesOrderNbr>12.25X CU TPR 14518</SalesOrderNbr>
			<DcCenterNbr/>
			<FederatedStoreNbr/>
			<OriginFacilityAliasId>1014</OriginFacilityAliasId>
			<PickupStartDttm>01/14/14 00:00</PickupStartDttm>
			<PickupEndDttm>07/10/14 00:00</PickupEndDttm>
			<DestinationFacilityAliasId>0000040430</DestinationFacilityAliasId>
			<DestinationFacilityName>ANGELO'S SOCCER CORNER INCE</DestinationFacilityName>
			<DestinationAddressLine1> 360 STEEL WAY STE 1</DestinationAddressLine1>
			<DestinationAddressLine2>xxxx</DestinationAddressLine2>
			<DestinationAddressLine3/>
			<DestinationCity>LANCASTER</DestinationCity>
			<DestinationCountry>US</DestinationCountry>
			<DestinationStateOrProvince>PA</DestinationStateOrProvince>
			<DestinationPostalCode>17601</DestinationPostalCode>
			<DeliveryStartDttm>01/14/16 00:00</DeliveryStartDttm>
			<DeliveryEndDttm>08/10/16 00:00</DeliveryEndDttm>
			<DestinationContactName/>
			<DestinationContactTelephoneNbr>222-777-1933</DestinationContactTelephoneNbr>
			<DestinationContactEmailAddress/>
			<DestinationShipThruFacilityAliasId/>
			<DestinationGlobalLocationNbr/>
			<LpnCubingIndicator>51</LpnCubingIndicator>
			<PrepackCubingIndicator>2</PrepackCubingIndicator>
			<ShipGroupId/>
			<ShipGroupSequence/>
			<HasDocumentsOnly>false</HasDocumentsOnly>
			<BillToFacilityAliasId>0000078143</BillToFacilityAliasId>
			<RouteType1/>
			<MarkFor>0000040430</MarkFor>
			<ARAcctNbr>0000040430</ARAcctNbr>
			<AdvertisingCode>N</AdvertisingCode>
			<SchedDlvryEndDate>02/10/14 00:00</SchedDlvryEndDate>
			<DistributionOrderType>Customer Order</DistributionOrderType>
			<DsgShipVia/>
			<ProcessInfo>
				<RefTextField1/>
				<RefTextField2/>
				<RefTextField3>00</RefTextField3>
				<RefTextField5>41</RefTextField5>
				<RefTextField6>1000</RefTextField6>
				<RefTextField7>001</RefTextField7>
				<RefTextField8>012</RefTextField8>
				<RefTextField9>03</RefTextField9>
				<RefTextField10>042</RefTextField10>
				<RefNumberField1/>
			</ProcessInfo>
			<Comment>
				<NoteType>LB</NoteType>
				<NoteCode>CurrCode</NoteCode>
				<CommentText>USD</CommentText>
			</Comment>
			<CustomFieldList>
				<CustomField>
					<Name>CSRUserid</Name>
					<Value>SBRYAN</Value>
				</CustomField>
				<CustomField>
					<Name>POReqd</Name>
					<Value>001</Value>
				</CustomField>
				<CustomField>
					<Name>DocByOrderFlag</Name>
					<Value>N</Value>
				</CustomField>
				<CustomField>
					<Name>DeliveryTypeCode</Name>
					<Value>ZLF</Value>
				</CustomField>
				<CustomField>
					<Name>SupplyVndrNbr</Name>
					<Value>NIKE</Value>
				</CustomField>
			</CustomFieldList>
			<LineItem>
				<DoLineNbr>900001</DoLineNbr>
				<ItemName>130690-004-8</ItemName>
				<DoLineStatus>Draft</DoLineStatus>
				<ReferenceField1>EA</ReferenceField1>
				<PrepackGroupCode/>
				<PrepackQty/>
				<AssortmentNbr/>
				<Price>1.1</Price>
				<CustomsTag>CTU</CustomsTag>
				<PurchaseOrderNbr/>
				<PurchaseOrderLineNbr>810405</PurchaseOrderLineNbr>
				<ManufacturingDttm>01/13/14 00:00</ManufacturingDttm>
				<Quantity>
					<OrderQty>5</OrderQty>
					<QtyUOM>Unit</QtyUOM>
				</Quantity>
				<LineProcessInfo>
					<LineRefTextField1>10</LineRefTextField1>
					<LineRefTextField3>N</LineRefTextField3>
					<LineRefTextField4>IAC</LineRefTextField4>
					<LineRefTextField5>N</LineRefTextField5>
					<LineRefTextField6/>
					<LineRefTextField7>N</LineRefTextField7>
					<LineRefTextField8>0040841142</LineRefTextField8>
					<LineRefTextField9>6.000</LineRefTextField9>
					<LineRefNumberField1>.0000</LineRefNumberField1>
				</LineProcessInfo>
				<InventoryAttributes>
					<ProductStatus/>
					<CountryOfOrigin>*</CountryOfOrigin>
					<ItemAttribute1>01000</ItemAttribute1>
				</InventoryAttributes>
			</LineItem>

			<LineItem>
				<DoLineNbr>900002</DoLineNbr>
				<ItemName>717440-001-6</ItemName>
				<DoLineStatus>Draft</DoLineStatus>
				<ReferenceField1>EA</ReferenceField1>
				<PrepackGroupCode/>
				<PrepackQty/>
				<AssortmentNbr/>
				<Price>1.1</Price>
				<CustomsTag>CTU</CustomsTag>
				<PurchaseOrderNbr/>
				<PurchaseOrderLineNbr>810405</PurchaseOrderLineNbr>
				<ManufacturingDttm>01/13/14 00:00</ManufacturingDttm>
				<Quantity>
					<OrderQty>5.000</OrderQty>
					<QtyUOM>Unit</QtyUOM>
				</Quantity>
				<LineProcessInfo>
					<LineRefTextField1>10</LineRefTextField1>
					<LineRefTextField3>N</LineRefTextField3>
					<LineRefTextField4>IAC</LineRefTextField4>
					<LineRefTextField5>N</LineRefTextField5>
					<LineRefTextField6/>
					<LineRefTextField7>N</LineRefTextField7>
					<LineRefTextField8>0040841142</LineRefTextField8>
					<LineRefTextField9>6.000</LineRefTextField9>
					<LineRefNumberField1>.0000</LineRefNumberField1>
				</LineProcessInfo>
				<InventoryAttributes>
					<ProductStatus/>
					<CountryOfOrigin>*</CountryOfOrigin>
					<ItemAttribute1>01000</ItemAttribute1>
				</InventoryAttributes>
			</LineItem>

		</DistributionOrder>

	</Message>
</tXML>