{
  "qcNamedDataQueries": [
    {
      "id": "1",
      "name": "test_lab_details",
      "description": "Test lab details",
      "queries": [
        {
          "query": "SELECT e.CF_ITEM_NAME, f.TC_TEST_CONFIG_ID, d.RN_RUN_ID, f.TC_TESTCYCL_ID, c.CY_CYCLE_ID, c.CY_CYCLE, b.TS_TEST_ID, b.TS_NAME, f.TC_STATUS, d.RN_HOST, d.RN_TESTER_NAME, f.TC_EXEC_DATE, f.TC_EXEC_TIME, d.RN_DURATION, f.TC_TEST_INSTANCE FROM qc_views.qc_tao_bpt_test b, qc_views.qc_tao_bpt_cycle c,qc_views.qc_tao_bpt_run d,qc_views.qc_tao_bpt_cyclefold e, qc_views.qc_tao_bpt_testcycl f, (select TABLEPATH.PTH, in_cy.CY_CYCLE_ID  from (select in_cf.CF_ITEM_ID, sys_connect_by_path (in_cf.CF_ITEM_NAME, '\\') PTH from qc_views.qc_tao_bpt_cyclefold in_cf connect by prior in_cf.CF_ITEM_ID = in_cf.CF_FATHER_ID start with in_cf.CF_FATHER_ID = 0 ) TABLEPATH left join qc_views.qc_tao_bpt_cycle in_cy on (in_cy.CY_FOLDER_ID = TABLEPATH.CF_ITEM_ID)) TestSetPath where c.CY_CYCLE_ID = d.RN_CYCLE_ID and d.RN_TEST_ID = b.TS_TEST_ID and e.CF_ITEM_ID = c.CY_FOLDER_ID and f.TC_CYCLE_ID = c.cy_cycle_id and f.TC_TEST_ID = b.TS_TEST_ID and b.ts_type <> 'QUICKTEST_TEST' and TestSetPath.CY_CYCLE_ID = c.CY_CYCLE_ID and TestSetPath.PTH =:testsetpath and c.CY_CYCLE =:testsetname and b.TS_NAME =:testcasename Order by d.RN_RUN_ID desc",
          "query": "SELECT e.CF_ITEM_NAME, f.TC_TEST_CONFIG_ID, d.RN_RUN_ID, f.TC_TESTCYCL_ID, c.CY_CYCLE_ID, c.CY_CYCLE, b.TS_TEST_ID, b.TS_NAME, f.TC_STATUS, d.RN_HOST, d.RN_TESTER_NAME, f.TC_EXEC_DATE, f.TC_EXEC_TIME, d.RN_DURATION, f.TC_TEST_INSTANCE FROM qc_views.qc_tao_bpt_test b, qc_views.qc_tao_bpt_cycle c,qc_views.qc_tao_bpt_run d,qc_views.qc_tao_bpt_cyclefold e, qc_views.qc_tao_bpt_testcycl f, (select TABLEPATH.PTH, in_cy.CY_CYCLE_ID  from (select in_cf.CF_ITEM_ID, sys_connect_by_path (in_cf.CF_ITEM_NAME, '\\') PTH from qc_views.qc_tao_bpt_cyclefold in_cf connect by prior in_cf.CF_ITEM_ID = in_cf.CF_FATHER_ID start with in_cf.CF_FATHER_ID = 0 ) TABLEPATH left join qc_views.qc_tao_bpt_cycle in_cy on (in_cy.CY_FOLDER_ID = TABLEPATH.CF_ITEM_ID)) TestSetPath where c.CY_CYCLE_ID = d.RN_CYCLE_ID and d.RN_TEST_ID = b.TS_TEST_ID and e.CF_ITEM_ID = c.CY_FOLDER_ID and f.TC_CYCLE_ID = c.cy_cycle_id and f.TC_TEST_ID = b.TS_TEST_ID and b.ts_type <> 'QUICKTEST_TEST' and TestSetPath.CY_CYCLE_ID = c.CY_CYCLE_ID and TestSetPath.PTH =:testsetpath and c.CY_CYCLE =:testsetname and b.TS_NAME =:testcasename Order by d.RN_RUN_ID desc"
        }
      ]
    }
  ]
}

