{
  "namedProductQueries": [
    {
      "id": "57029",
      "templatename": "IB_1064_PRE_RECV_InitiateShipment_HP_04_MultiASN",
      "name": "initiate_shipment_multiasn",
      "description": "Product with multiple sku with bar code",
      "queries": [
        {
          "query":"SELECT ICB.ITEM_ID,ICB.ITEM_NAME,ITEM_BAR_CODE FROM ITEM_CBO ICB WHERE (ICB.UNIT_VOLUME IS not NULL OR ICB.UNIT_WEIGHT IS not  NULL) and rownum <= 20"
        }
      ]
    },
    {
      "id": "1",
      "name": "customer_id",
      "description": "Business Partner ID",
      "queries": [
        {
          "query": "Select Business_Partner_id From (Select * from facility where Business_Partner_id is not null Order By dbms_Random.value()) where rownum <= 20"
        }
      ]
    },
    {
      "id": "57025",
      "name": "immediate_needs_spot_check",
      "description": "Immediate Needs for Spot Check",
      "queries": [
        {
          "query": "SELECT ITEM_NAME, ITEM_BAR_CODE FROM (SELECT * FROM ITEM_CBO WHERE (UNIT_VOLUME is not null OR UNIT_WEIGHT is not null) AND ITEM_BAR_CODE<>'0' Order By dbms_Random.value()) Where RowNum = 20"
        }
      ]
    },
    {
      "id": "57026",
      "name": "first_sku",
      "description": "First SKU",
      "queries": [
        {
          "query": "Select ITEM_NAME, ITEM_BAR_CODE From (SELECT a.* FROM ITEM_CBO a WHERE (a.unit_volume IS NULL or a.unit_volume = '0.0001' OR a.unit_weight IS NULL or a.unit_weight = '0.0001') AND NOT EXISTS (SELECT item_id FROM immd_needs  WHERE item_id IN  (SELECT item_id FROM item_cbo WHERE item_style = a.item_style and item_size_desc = a.item_size_desc ) AND cmnt='First Sku' AND stat_code < '90' )) where rownum = 20"
        }
      ]
    },
    {
      "id": "57028",
      "name": "single_or_multiple_asn",
      "description": "Inititate Shipment Single or Multiple ASN",
      "queries": [
        {
          "query": "SELECT ITEM_NAME,ITEM_BAR_CODE FROM ITEM_CBO WHERE (UNIT_VOLUME IS not NULL OR UNIT_WEIGHT IS not  NULL) and rownum = 20"
        }
      ]
    },
    {
      "id": "57030",
      "name": "single_asn",
      "description": "Undo Inititate Shipment",
      "queries": [
        {
          "query": "SELECT ITEM_NAME,ITEM_BAR_CODE FROM ITEM_CBO WHERE (UNIT_VOLUME IS not NULL OR UNIT_WEIGHT IS not  NULL) and rownum = 20"
        },
        {
          "query": "SELECT ITEM_NAME,ITEM_BAR_CODE FROM ITEM_CBO WHERE (UNIT_VOLUME IS NULL OR UNIT_WEIGHT IS NULL) and rownum = 20"
        }
      ]
    },
    {
      "id": "57031",
      "name": "no_first_sku_already_exists",
      "description": "No First SKU if already exists",
      "queries": [
        {
          "query": "SELECT ITEM_NAME,ITEM_STYLE,ITEM_COLOR,ITEM_SIZE_DESC FROM ITEM_CBO WHERE (UNIT_VOLUME IS  NULL OR UNIT_WEIGHT IS NULL) and rownum = 20 order by item_name"
        }
      ]
    },
    {
      "id": "57189",
      "name": "no_first_sku_already_exists",
      "description": "No First SKU if already exists",
      "queries": [
        {
          "query": "SELECT LH.LOCN_BRCD FROM LOCN_HDR LH,RESV_LOCN_HDR RSV WHERE LH.LOCN_ID = RSV.LOCN_ID and RSV.CURR_UOM_QTY = '0' AND LH.PUTWY_ZONE = 'H67' AND RSV.LOCN_PUTAWAY_LOCK IS NULL"
        },
        {
          "query": "select tc_lpn_id from lpn where TC_asn_id =:asnid"
        }
      ]
    },
    {
      "id": "2",
      "name": "taskid2",
      "description": "Get the list of task id's",
      "queries": [
        {
          "query": "select task_id, task_desc,task_genrtn_ref_nbr,user_id,stat_code  from NIKEWM1064ER.task_hdr where stat_code not in ('90','99') and TASK_DESC IN ('PAL RESERVE LOC','INT 992 RESERVE TO RESERVE DYNAMIC','RECALL CASE') and user_id IN ('MSWAEL', 'KKERCK', 'JOEYE1', 'KVERBI', 'GHEYLE', 'FCOP', 'DSAEDE', 'DMACRI', 'SSMOLD', 'SBRAND', 'system', 'WMADMIN', 'LMADMIN', 'SNEUTJ', 'YBOSMA', 'AAYDI1', 'ACASTE', 'ImportUser', 'AGEURT', 'AGEVER', 'AGOOSE', 'BTEMME', 'BWALBE', 'CCEULE', 'CCUYVE', 'CRAYMA', 'CPEET3', 'CSTEUR', 'CSTEYA', 'CVERVO', 'CWILLE', 'DAERTS', 'MYUNU1', 'MELKIL', 'DESAJA', 'DFONTA', 'DKASAP', 'WMChaseUser', 'DKERPE', 'SBROWN', 'EAKSOY', 'LMARCE', 'SMADRI', 'RVANGR', 'JBERT1', 'DDESAD', 'BDESSE', 'RMEEUW', 'ABAJRA', 'NZIVAN', 'TEMP-CSET', 'TEMP-GATE', 'FBAYR1', 'FDAEMS', 'FGOKBA', 'CLENAE', 'GBELEN', 'GKOCAO', 'GVANH2', 'HAKCAY', 'HAKGOZ', 'HSANNE', 'IBOSMA', 'IDEMIR', 'IGENEC', 'IMENSC', 'INUYTS', 'IVANDE', 'IVANEL', 'JBOONS', 'JBOSSC', 'JDEWOL', 'JHASS', 'JHOOYB', 'JJENNE', 'JKERRE', 'JMACIN', 'JPANKA', 'JPHILI', 'MDAEM1', 'JSABBE', 'JSMOLD', 'JOLAER', 'ASMETS', 'SDIJCK', 'MBRUYN', 'BWIJN1', 'BJANNE', 'SNAND5', 'AROEY', 'HVERH1', 'LVAND8', 'GRAEYM', 'JM3997', 'DKOEVE', 'NDAS1', 'CBASAV', 'KABHIS', 'PBHANS', 'DSUVAR', 'KM3533', 'JM3717', 'MHESSE', 'TEMP-TRAN1', 'TEMP-TRAN2', 'BKITTU', 'HM3199', 'DM3326', 'RKANNA', 'PSMET', 'IOZGUR', 'THAERE', 'KEMMER', 'NVERBO', 'NPEET1', 'VVERBI', 'SFRANS', 'WPEETE', 'DVOETS', 'EBLOCK', 'MHEUSER', 'SB3544', 'LVERHE', 'JDEVAD', 'TPHIL7', 'BVAN10', 'SEERLI', 'MMOL1', 'BTHIJS', 'SVAND7', 'RAGUI4', 'AMURAT', 'LHUYS', 'MMORAN', 'RRAATG', 'AHULSM', 'NSOMER', 'ABERGH', 'MCAMS', 'EVERRE', 'GVERSC', 'PVERST', 'MWON14', 'JWOUT1', 'TDRIES', 'AMERCK', 'MPEET3', 'YSCHOO', 'YSCHU2', 'MSMITS', 'TVERDO', 'INVSYNC', 'FWELLE', 'MMIERL', 'KHAJEK', 'KEYCKM', 'CMAGIS', 'EBOONS', 'DPEETE', 'BSLEEG', 'MVAN17', 'TPEET2', 'MWEUST', 'MMENTE', 'TEMP-OPS2', 'TEMP-SOXOPS', 'TEMP-DISTPL', 'TEMP-WMSUP', 'TEMP-MANH', 'TEMP-LOADPL', 'TEMP-CUST', 'PREP1', 'PREP2', 'PREP3', 'PREP4', 'PREP5', 'PREP6', 'KMOUSS', 'RBENS', 'PBEST', 'SBODAE', 'ABOUWE', 'MVANLO', 'AMOLS', 'JBOOGE', 'ACAERS', 'PKURRE', 'BBAERT', 'SJANS', 'LLAARH', 'AFARES', 'AGEERT', 'AHAJI', 'AISSAM', 'ALAKTI', 'ALETKI', 'AOEYE1', 'APEETE', 'APINAS', 'HPAUWE', 'TEMP-INBPL', 'JSUCKE', 'SRITS', 'TEMP-PREP', 'TEMP-INV1', 'TEMP-INV2', 'TEMP-INV3', 'SLAMME', 'NPOETS', 'NBROND', 'KMANGE', 'EVANUF', 'RSIMO4', 'CBROEC', 'RNEYEN', 'HSCHRO', 'GBRUC2', 'GBUKEN', 'MCAMPF', 'GCHAMA', 'JEYKMA', 'SHAAZE', 'MMAES', 'DMERTE', 'ENIJS', 'FJEGER', 'ESAELE', 'FSMIT', 'SSTERC', 'SVANEL', 'AVANDE', 'EVANDU', 'AVANSA', 'SVERHE', 'ABOECK', 'ACOPPE', 'ACUYPE', 'ARENDE', 'ASANT', 'ASUNKU', 'AVAND4', 'AVANME', 'BBELMA', 'BBERRE', 'BCANNA', 'BILKSO', 'BJONCK', 'BKEIJZ', 'BKONIN', 'BLAVRI', 'BLOOY', 'BPEET3', 'BROOY', 'BSTERC', 'BYILDI', 'BYILD1', 'CBRUYN', 'CMOONS', 'CNEYS', 'CREYME', 'CSTEYN', 'CVAND2', 'CWIL47', 'DGEVER', 'DILIAE', 'DKENNI', 'DPELGR', 'DRUELE', 'DSZULZ', 'DTHEYS', 'DVOLDE', 'EADABO', 'EBERHE', 'EBOERB', 'EBURAK', 'TEMP-HLPDSK', 'TEMP-OPS1', 'TEMP-GWMS', 'EEMIZI', 'EJANSS', 'EKAHRA', 'EKAPLA', 'ELEYSE', 'ESTEEN', 'ETAEYM', 'EVERHA', 'EVOLDE', 'FOZTUR', 'GBAX', 'GNYS', 'GVASTM', 'GVLEUG', 'GWINKL', 'HGULI1', 'HMOUSS', 'HTRUYE', 'ICADIR', 'EEYKMA', 'EHAKYE', 'EHEMEL', 'IKELDE', 'ILOEY', 'IPLU', 'IVISSE', 'JAERT1', 'JBREMS', 'JBUNTI', 'JCEUST', 'JCLAE3', 'JDANIE', 'JDEWIL', 'JDONIN', 'JENGE1', 'JHENDR', 'JHEYLE', 'JHOOYD', 'JHUYSM', 'JLANGE', 'JLUYPA', 'JMERTE', 'SYS_BLEBLE', 'SYS_JOLAER', 'SYS_ASMETS', 'SYS_MSWAEL', 'SYS_JDEROM', 'SWOUT4', 'GDRUYT', 'HHOUTM', 'JLEYSS', 'JVAN76', 'UTOLE2', 'FBERIN', 'CWITTE', 'NTIMME', 'BBENS7', 'ETUBBE', 'YOZTUR', 'CPUNI1', 'IPEETE', 'JDEVOS', 'NVERHU', 'RVLOEB', 'JSTORM', 'SMATTH', 'NVORSE', 'JMOON3', 'YKERKH', 'JROOSE', 'JSLEGE', 'JVELD1', 'JVENNE', 'JVERL1', 'JVERWA', 'JVINK', 'JVLAMI', 'JVOETS', 'JZAALM', 'KADAMA', 'KARENT', 'KARK', 'KBIRIN', 'KFANSA', 'KHASSA', 'KKASMI', 'KMICHI', 'KMOND1', 'KPEETE', 'KPRINC', 'KRIJCK', 'KROY', 'KTSYEN', 'KVEN', 'KVERRE', 'KVERST', 'KZAREE', 'LBEERD', 'LCAMBR', 'LCOLLI', 'LDREES', 'LGOMPE', 'LJANS1', 'MADAHC', 'MBENII', 'MCHAMM', 'MDIJKS', 'MDURAN', 'MKARAB', 'MMENTZ', 'MMERTE', 'MMONSI', 'MRIEVE', 'MSMEET', 'MZABOT', 'NAERTS', 'NGASSE', 'NNICAS', 'ODEMIR', 'OVOLKA', 'PCABUY', 'PMAES', 'PRUBEN', 'LADAMA', 'LBEYEN', 'LBOECK', 'LGOMBE', 'MSEIGE', 'MVANHE', 'MVERH1', 'NBESAU', 'NBOSMA', 'NHERCK', 'PVERME', 'RSAHIN', 'RVERCA', 'SALBAS', 'SBENS', 'SCORVE', 'SDAEME', 'SDORDE', 'SHIRA2', 'SHONDT', 'SKELE', 'SKHATT', 'SKUTLA', 'SMAAGO', 'SNISI', 'SNUYT1', 'SPOELM', 'SPOPPE', 'SREYME', 'SRIEMI', 'SSCHEF', 'SSMEET', 'SSTREM', 'STHIJ1', 'SYEMEN', 'TCOOLS', 'TCUZZO', 'TEVERS', 'TJENNE', 'TRENIE', 'TSTROE', 'TVOET', 'KDEREY', 'KLUYTE', 'KMACQU', 'LPAUWE', 'LPAUW1', 'LSMEET', 'LVERSW', 'LVREYS', 'MALLAR', 'NHESEL', 'KVANBR', 'NTRUYE', 'CSEVER', 'OMANAI', 'PEVANG', 'PHOUTM', 'PLAET', 'ESPAUL', 'RAKSO', 'RBAPT1', 'RBECK1', 'RBRAN1', 'RBRYS', 'RCIFCI', 'RCLAES', 'RCOOMA', 'RDAVRE', 'RGLINS', 'RJEUR1', 'RMOESE', 'STUCH', 'SVAND3', 'SWOUT1', 'SWOUT2', 'TBELLE', 'TCEULE', 'TDAMEN', 'TDEMIR', 'TRIDWA', 'TSCHEL', 'TVERBR', 'KOZCAN', 'KTHIJ1', 'KVANGE', 'MBOONS', 'MCALTA', 'MCEUS1', 'MDAMOU', 'MDEMIR', 'MEGEMA', 'MGIJBE', 'MHEREM', 'MHEUVE', 'MJAN12', 'MLAKTI', 'PVELDE', 'TWILLE', 'TWOUT1', 'UHERKU', 'UKONAK', 'VCHAR2', 'VCOOLS', 'VILJAZ', 'VLAES', 'VNDOMB', 'VTHANH', 'VVREED', 'WBERGH', 'WGOORM', 'WVERJA', 'WWAUTE', 'WWEYNA', 'WWILLE', 'YAKCA', 'YSAAD', 'YSCHUT', 'YVAN1', 'ZMONAI', 'IMENGE', 'KMAERS', 'AARUJO', 'ABERG', 'AVAND3', 'BBENS1', 'BPEETE', 'BSEMMY', 'CCORVE', 'CVANG1', 'DPAUWE', 'EOZVER', 'ERUEL1', 'EVANHO', 'FMOSCA', 'NLOOY', 'PBASTE', 'PLAEN1', 'PMAES1', 'RVAND3', 'SPEET1', 'TWEYMA', 'TYILD1', 'ZOUSSA', 'YCLAE2', 'HGULHA', 'SGRANA', 'SJANS9', 'CVOLDE', 'ILENAE', 'GEYSER', 'HCLAES', 'NBOLLE', 'MYILDI', 'NALTIN', 'VCEUNE', 'VPEETE', 'CLOOY', 'EYILDI', 'GSANEN', 'DVERAC', 'AFADI', 'AHAUTE', 'ALADOY', 'AVERHE', 'AWYFFE', 'BBENSC', 'BLAFOS', 'BSLEGE', 'DVANMA', 'EHEUVE', 'FALBER', 'FFRICK', 'GCELEP', 'GVANWU', 'HBOLLE', 'HGEMER', 'HPEET1', 'IAERTS', 'ILIEKE', 'JSANDE', 'JVANDO', 'JVERBR', 'KBREMS', 'KDEWIN', 'KHUYSM', 'KKIEKE', 'KTHAE2', 'KWACHT', 'LHEND1', 'LVINGE', 'MBOVE', 'MDAENE', 'MLEMME', 'MREYND', 'MVAN9', 'NDONS', 'NHEYL1', 'NKELE', 'PKENE1', 'RVAND4', 'SGILIS', 'TBREUG', 'VWATER', 'WCRUYS', 'YBAEL', 'DMERT1', 'RPANT', 'SKUMAR', 'RSWAIN', 'SCHITA', 'SPANIG', 'KBOMMA', 'SKAIGA', 'ECLAE1', 'CSCHEL', 'CSMEET', 'CGELEN', 'MJANS5', 'MHOEYL', 'LRAUWS', 'MBAETE', 'SLOUWE', 'ENUFFE', 'JGRAUW', 'JSWIJS', 'NNWOKO', 'MBAUWE', 'FDUR1', 'ERUELE', 'SMEUWE', 'FSWANN', 'HHOOF', 'FFRANS', 'RHEND9', 'DDILLE', 'IWASSI', 'TVANHA', 'GLAENE', 'GBARTE', 'KKENNE', 'CKRAME', 'KRYKER', 'LRUFFA', 'JLEYS', 'KPEUTE', 'EMEULE', 'NPEET2', 'kadama', 'LVANBO', 'CSPOOR', 'AVERS1', 'CWILL2', 'JWIAME', 'SHELSE', 'WGEERO', 'WHEND1', 'WVAND5', 'YAVCI', 'WHEND2', 'JENGEL', 'BTHOEL', 'TBAESS', 'VNGUYE', 'AAYDI2', 'DAYDI1', 'ZBODUR', 'LBOEC1', 'LBOEC2', 'EBOUA', 'ZBOUWE', 'GCAMBR', 'JCAMBR', 'HCESUR', 'LCOENE', 'BDALGI', 'GCEULA', 'HVAN6', 'BACKER', 'DHUYSM', 'MLAKT1', 'NRAVAU', 'POZTUR', 'JNIJS', 'ODEMI1', 'MREYCK', 'MBENAI', 'ACIGCI', 'KBRAND', 'VCALIS', 'BOTTEN', 'MYUKSE', 'MYUKS1', 'RROZE1', 'RGEEL2', 'BSWERT', 'CLIGOR', 'CHEYND', 'DJONKE', 'GBELAR', 'JSPREN', 'MFCHOU', 'BLAURG', 'IAZOUG', 'VOZDEM', 'IDELAF', 'YDELAF', 'EDEMI1', 'AGAMOU', 'VGALLE', 'CGARCI', 'SGEERT', 'BGOOS', 'THOREM', 'CSAPIO', 'MWILLE', 'OODEMI', 'UTOP', 'GBUYEN', 'FBALL3', 'GCEUST', 'MYAHYA', 'TVANHE', 'WDRIJB', 'SLUBEC', 'AABBIU', 'NDAS', 'RGEEL1', 'AKODOU', 'GMARTE', 'KBUCK', 'KMEYNE', 'KROMPA', 'KZYGMU', 'LFERRA', 'LHUYBR', 'LTAELS', 'NGATTO', 'NMECHE', 'NWOUTE', 'OONAL', 'KHENDR', 'RNIJS1', 'KBOECK', 'KPUT', 'AAYDIN', 'EDEMIR', 'MWAMBU', 'SAERTG', 'HAYDI1', 'YBOERS', 'MOOSTV', 'AAKBAS', 'ETIMM1', 'MVANSI', 'SCOLAE', 'FMARI1', 'ISIDER', 'LHAES', 'WVANDE', 'SLYASS', 'KEELEN', 'CTREKE', 'DVERSW', 'GCOCAO', 'MZIANI', 'AYOUSS', 'ASEDDI', 'WSTEUR', 'KVERME', 'CHAESE', 'JCAERT', 'JGEENS', 'KBAUDU', 'SRAMOS', 'TMEYST', 'BBEYEN', 'RRUSSO', 'AYAHYA', 'IADAMO', 'JBOSCH', 'KCUYPE', 'SAERT1', 'SAISSA', 'LAKWEI', 'MAKWEI', 'FANTWI', 'KBANTU', 'BBELCK', 'ELUSSA', 'BMAES', 'LMAES', 'CMAEYN', 'FNGOM', 'KNUYTS', 'YNUYTS', 'NOIZAZ', 'ROKUNE', 'JPEETE', 'AARZU', 'BBEKOV', 'CUSAME', 'CSERN1', 'GHEYL1', 'LCOLOG', 'PGEMER', 'SNUYEN', 'SBLOEM', 'GKANLI', 'JKERSE', 'MCHEBK', 'JEYNDE', 'RAUWER', 'LZEGVE', 'SBAKHT', 'EBOLAT', 'IHOOGT', 'LVANDE', 'BVERAC', 'RZAMUD', 'LBIERI', 'JSTROO', 'EJACOB', 'BKAGWE', 'EKALEN', 'MOKSUZ', 'ACUMPS', 'TSANEN', 'LMALL1', 'CVANDY', 'NSTERC', 'JPAULU', 'KFRANS', 'VQUARE', 'LCLOOT', 'bsemcz', 'BSEMCZ', 'PBOECK', 'AELABD', 'MNADJI', 'GABT', 'MMBALA', 'NBULCK', 'ALEYS', 'ESAFRA', 'MTURKM', 'ANIEUW', 'NBELHA', 'ATAWAN', 'RREUSE', 'CADELA', 'BAKBUL', 'WDANKE', 'SGLASS', 'BHENDR', 'LHUFKE', 'MLAM1', 'JLEMM2', 'RMARIE', 'MMICH1', 'AMOSCA', 'ROZKAN', 'KPLACI', 'ESPRUY', 'KSCHOO', 'MHELSE', 'LHEYNS', 'THOMAW', 'CDREEF', 'MSANLI', 'MSEKER', 'ASOZER', 'TSTERC', 'RSTUYC', 'BTRAN', 'JTUYIS', 'AVANLO', 'SWAUTE', 'AWUYTS', 'MYOLCU', 'EPIRS', 'EROELS', 'SDEURE', 'ESTEUR', 'KASARA', 'MCUYLA', 'MAYARI', 'SAKTAY', 'BDEGEY', 'TVAN13', 'MGEYSK', 'NLAGRA', 'GOMER', 'JLAMB4', 'LHAEGD', 'WMEES', 'SBRANC', 'LGIJBE', 'YHOURA', 'RMAES', 'HSWINN', 'CVANHO', 'AVERSC', 'YWIJNS', 'ABOUFR', 'KCORN2', 'AHEYLE', 'YINFEL', 'VJANSE', 'IJANSS', 'AJOORI', 'UKAYA', 'JKENDI', 'SLAUWE', 'ELIEKE', 'JMOONS', 'SMUYLL', 'SPEETE', 'TSAFRA', 'KTUREL', 'CTURKM', 'JBROEC', 'LDOREN', 'SLAERE', 'POLMEN', 'NVERST', 'MWAMB1', 'CWALL2', 'YBORGE', 'DHOEKX', 'FESCOB', 'HLAGEN', 'IJORDE', 'SCETIN', 'IAKAR', 'LBEKKE', 'LAERTS', 'SGEUKE', 'TGEUKE', 'VJANS1', 'DBLOCK', 'JLINDE', 'LVANNU', 'JWIELA', 'RAKBUL', 'NBENAL', 'AJANS2', 'WJONGE', 'RKLEPP', 'VLEYSE', 'JMAES4', 'HVEREY', 'CRAHIE', 'IFRIMP', 'JVIS', 'MKLAPH', 'NSCHEE', 'PBERVO', 'SYS_NHENSM', 'WMWAVERESET', 'GCHARO', 'MLOE', 'NMERT2', 'RJESPE', 'JPREAU', 'LHENCK', 'SMETIN', 'TBATSE', 'JGORP', 'MGORRE', 'DCALST', 'MBAL', 'PMANDA', 'STIMM6', 'TBIE', 'CMIELT', 'FGUTIE', 'HLAET', 'JMAEYN', 'MBAIRI', 'NZOONS', 'MLOEND', 'DTHIJS', 'MKAMAR', 'PREP7', 'PREP8', 'WMSCHEDUSER', 'WMAUTOWAVE', 'SYS_ABERGH', 'SELKHA', 'TLODEW', 'MHOLTA', 'SOTS', 'SOOSTE', 'MVALGA', 'KJANS1', 'ASIMON', 'EWILLE')",
          "query": "select task_id, task_desc,task_genrtn_ref_nbr,user_id,stat_code  from NIKEWM1064ER.task_hdr where stat_code not in ('90','99') and TASK_DESC IN ('PAL RESERVE LOC','INT 992 RESERVE TO RESERVE DYNAMIC','RECALL CASE') and user_id IN ('KLAENE', 'SCAUWE', 'MBEECK', 'VMEUS', 'PBUKEN', 'WVANGA', 'TCALLE', 'HWITH', 'SREUSE', 'SCEULA', 'HPATLA', 'CVEREL', 'CAELST', 'KLEYS', 'SYS_CPUNIE', 'SYS_HVANIE', 'SYS_LVAND8', 'AHARTS', 'AVOERM', 'CREYN1', 'JYARAM', 'LRUYSS', 'AWOUTE', 'CFONTE', 'DHOREM', 'MLINGE', 'SYS_JKERSE', 'WMSLOTUSER', 'BVOOGT', 'RSARI', 'SELBEZ', 'SHALAW', 'AQUIRY', 'NWASS2', 'OGUZEL', 'SBARKA', 'LLEEMA', 'BBEVER', 'BPHILI', 'EZENUL', 'ASENGU', 'DNOBLE', 'KWAGEM', 'WRUDDE', 'AMACHI', 'AGRAEF', 'DLEMME', 'ASMITS', 'CENGEL', 'HMENIG', 'MMOONS', 'SLEUVE', 'YVEL', 'JVERR1', 'PQUARE', 'SOZTUR', 'LPELG1', 'SKWANT', 'ECHABA', 'SPEET6', 'SBOEC2', 'AKOUTA', 'CVANH1', 'GPFAFF', 'HERYIG', 'JHARNE', 'RMOLS', 'KGOETH', 'ASEVER', 'EMEYER', 'JOOMS', 'JWITH', 'LHENDR', 'TGIJSE', 'YCHAHC', 'HDURUK', 'IKERTO', 'JLETUR', 'ABADAL', 'VPROOS', 'JCRAEC', 'JONRAE', 'JVANDE', 'NWILLE', 'TGELDE', 'TJANS1', 'LWINDT', 'LCOCHE', 'MRAYMA', 'DDESAL', 'JBEC11', 'JVANOE', 'NPAD', 'SLOYEN', 'LHEYLE', 'JLEMME', 'KGORP', 'GCLOES', 'SYS_GAVCI', 'AOUZAH', 'DKARA1', 'GJEACQ', 'CR6055', 'JTRIER', 'WWYNA1', 'JGEERT', 'MLAUWA', 'MPEETE', 'MYUKLE', 'MFAYEK', 'LVANH1', 'SJANSS', 'VHEYLE', 'MCORN1', 'HENGEL', 'WVAND4', 'DMOONS', 'JBRANS', 'DCARM2', 'ADOCHE', 'NLOUWE', 'KROUCO', 'CJANSS', 'HMAES', 'NMELLE', 'GBOYZO', 'KSOOLS', 'AVAN18', 'DGEUE1', 'KVRANK', 'BN4135', 'RLOY', 'JJOOST', 'RO8787', 'CLUYTS', 'GSMEDT', 'SP2123', 'HBYLEM', 'TSTEVE', 'BWYNS', 'WVERBR', 'JROOFT', 'MTAEYM', 'LS3490', 'DOTTO1', 'FEXELM', 'GVANHE', 'IASCH', 'JBRANC', 'LGEUEN', 'MMACHI', 'SCAST1', 'CHEYLE', 'RGORIS', 'FBAETE', 'SKRIEC', 'JBRONC', 'ABERLA', 'GDAAL', 'ECARRI', 'JWAGEM', 'CBROU1', 'GTHEYS', 'KOBBER', 'TSTUYC', 'MDIJCK', 'MHOEYK', 'MVONCK', 'SLAURI', 'MMACDO', 'MTRUA1', 'FBROEC', 'JMCIN4', 'KDHAKA', 'SKANAG', 'AYILDI', 'ATURAN', 'DVERBR', 'FSECGI', 'RGROND', 'JLENS1', 'ACLONE', 'BBACKE', 'BSMET1', 'SBOUW2', 'NKORTL', 'KTORB1', 'FMONAR', 'ACAMP', 'EIBISI', 'JCOLLA', 'JVANL1', 'LGAETE', 'NSCHAT', 'CDAELM', 'DVOS', 'EHUNCK', 'GHEUCK', 'JCELIS', 'KKIND', 'MWILL1', 'NMORAL', 'PWELLE', 'GLUFFI', 'MLUXEM', 'MCLAUW', 'SOPSTA', 'BDELAE', 'JNOYEN1', 'TSCHE6', 'MJAC39', 'CSTES1', 'BVRANC', 'AMAES1', 'HSUKUN', 'CNEVEL', 'CJACO8', 'JVAN53', 'JVAN67', 'KENGE1', 'MKERKH', 'MBROE1', 'RMARI2', 'ROPRIN', 'SMEVES', 'YMARI1', 'SPEET4', 'TJANS4', 'SHAESE', 'BGOMBE', 'RHANSS', 'TDESIR', 'TVANSC', 'WTHEUN', 'DVAN24', 'RHAR21', 'LBELLE', 'SVANH4', 'DN0773', 'SN0376', 'GD6842', 'AG3552', 'AG7119', 'AH0369', 'MH3841', 'LH3520', 'EJ0178', 'IJ0005', 'BL3343', 'AGIESE', 'YGEERA', 'SPEET5', 'AVANL1', 'KVERS1', 'JMATHE', 'YBAATE', 'EBOLT', 'LWINDR', 'JNYIRA', 'BTHEUN', 'BMORRH', 'THOEDE', 'PSMOLD', 'CJANS3', 'JVAN62', 'ABALGA', 'BMAST1', 'GSCHR1', 'CWACH1', 'KCAUWB', 'MMVILA', 'MREYN2', 'DOLMEN', 'KVERH2', 'TMAES1', 'AFIKRI', 'CRIZZI', 'DBOLL1', 'FBACKX', 'KAERDE', 'CDEWAC', 'CL3728', 'PS9881', 'ML3183', 'VT1684', 'AU3553', 'DV9885', 'CE0929', 'WG3515', 'SJ1544', 'WV0211', 'MBIET1', 'KSTESS', 'JKEND1', 'ZAKARO', 'KHOSKE', 'LBOEC3', 'LC3786', 'WOCRAN', 'ZVANWE', 'MLUYTE', 'SSANTE', 'JCAMPS', 'MD0956', 'JDESME', 'KMEURI', 'BCORT1', 'BD3266', 'RD1975', 'YD6103', 'EF3109', 'LG5344', 'SV2019', 'BV3723', 'SV7822', 'SV1591', 'WV3347', 'SV0295', 'PV1147', 'TV5167', 'JV0450', 'JV3565', 'AV3980', 'VV6861', 'BV3545', 'BV8704', 'MV8365', 'SC4196', 'CV0514', 'DKURAL', 'HGOKTA', 'ELAUW2', 'MDERUT', 'NVERBR', 'SJANS1', 'DSTERC', 'KFONT2', 'YPHILT', 'JDIERC', 'JSMEE1', 'EPERCH', 'DLEEME', 'MBECKE', 'MOPSTA', 'YVANDA', 'EBOGA1', 'ASCHA9', 'GBOSE', 'NCAMMA', 'PCASAL', 'RREEVE', 'SMCCL9', 'TJEANL', 'LOULDH', 'BMARTE', 'MJANS4', 'LBEENE', 'FWITTE', 'CEEDT', 'ASINER', 'KVANBI', 'NVERB2', 'KPEET1', 'VVLOEB', 'RBRUYN', 'SCLAE4', 'EACHT1', 'MVANL6', 'TDEJAG', 'LLEMME', 'BBOGAE', 'WDELIE', 'MM6898', 'TC2998', 'CN0245', 'JC3719', 'JN5771', 'SD3554', 'LD0896', 'SGULHA', 'AD4749', 'MG0003', 'GG3479', 'CH0286', 'EH2512', 'KLUYT2', 'VH9809', 'JR0963', 'SS7983', 'HS7070', 'SGOELE', 'SV6499', 'WJAMES', 'FDEEKM', 'GFERR1', 'HNAULA', 'SADRI1', 'FMANUE', 'JSOBKO', 'CSILVA', 'JNYS1', 'RCUYX', 'GANTHE', 'SSTRIC', 'EJACO1', 'GAKEND', 'JPINAS', 'HPOESM', 'AGHOOS', 'GLAMBA', 'SVAND9', 'WBIJLE', 'KMASSO', 'SPELSM', 'LOOMS', 'RBOESM', 'XKEMPS', 'SCORNE', 'JAFIFI', 'AGOOD2', 'BNOBEL', 'EHEYLE', 'HENGE2', 'RBOLDE', 'AHEIVE', 'TWILL2', 'DSO2', 'SEURIS', 'DVANOL', 'LHEYN2', 'RCRUYS', 'TPAYLA', 'ACHTIO', 'BSTYNE', 'FVONCK', 'HGAINI', 'JDUART', 'MHRAMC', 'DTSYEN', 'JPIANA', 'MMANIS', 'YNGWET', 'PHOLLA', 'DBUYS', 'JDANEE', 'MPEET5', 'NMERT1', 'SBORTE', 'YMAALE', 'FARAS', 'NNAHOO', 'KWENS', 'NETTIE', 'PDIER2', 'TGIESB', 'CHERCK', 'FAERTS', 'KVANKR', 'PGOETE', 'IYILDI', 'JCLAE8', 'SJANS6', 'SPOESE', 'TWEYE2', 'AZAJGU', 'EBREMS', 'PPELGR', 'MMICHI', 'SLEYSE', 'WVANGE', 'DEELEN', 'IMAKRI', 'MMOER1', 'SBRUYN', 'JLOOY', 'JVERAG', 'FNETO', 'JPELGR', 'TVERAC', 'KWUYTA', 'LBOUMA', 'ROST', 'MBUYSE', 'GKOCK', 'PVANDE', 'GGOOLA', 'NWILL1', 'SAHDOU', 'EFAES', 'IVERDO', 'RSLIJN', 'SVLIER', 'WGEENS', 'HCHATI', 'KSALAE', 'OHAMDA', 'PSCHEP', 'KSCHIL', 'SLACHI', 'DWEEKE', 'ESTEYL', 'JSMET', 'AINDES', 'KJANE', 'AGIEL1', 'AURBAN', 'LCROON', 'PPOORT', 'SRAJA1', 'TBASEL', 'SGEER2', 'SBOECK', 'BBROE1', 'PVERFA', 'BLEEMP', 'KLAUWE', 'LBOEC6', 'MTAHIR', 'ESALI1', 'MREYN3', 'RLAGRI', 'JVERB2', 'KNYS', 'KPEET8', 'LJANS4', 'PESCOB', 'SHEND2', 'FHENDR', 'MTAHA', 'JLAM', 'LKARKA', 'SYERR1', 'CHOVEN', 'CPUNIE', 'MGELEN', 'NCOSAR', 'KKEPPE', 'GMEYN1', 'TCANNA', 'WVERLI', 'TDEPEU', 'JKLIN2', 'PBONTH', 'KBAMP1', 'JLAMB2', 'DVEEKM', 'SNOENI', 'AGJOKA', 'KVANPE', 'APOESM', 'RMOON1', 'YPOESM', 'AAKOWU', 'MKOSE2', 'SA1727', 'HA5855', 'AB4608', 'HC7659', 'LC6665', 'WD3408', 'JP3425', 'PP9383', 'AS3182', 'BV0795', 'BAKOWU', 'MBOSSE', 'MKOSE1', 'YFOSTE', 'SHOOF', 'WBROEK', 'KHILLE', 'KPOLAM', 'KKODA1', 'LVENK1', 'NPARIA', 'NNAREN', 'SYS_BWIJN1', 'OKARET', 'PGOVI4', 'PSIBB1', 'RROSHA', 'RAGAR1', 'SPIDAM', 'SPARI3', 'SDUGAL', 'SBISW7', 'SBAJPA', 'TAHMA1', 'SYS_BJANNE', 'SYS_BTHIJS', 'SYS_JSOBKO', 'SYS_LOULDH', 'SYS_MVAN17', 'SYS_MBRUYN', 'SYS_RLOY', 'SYS_SNAND5', 'TBAYLA', 'ELAGEN', 'JSTEEN', 'VVAND6', 'JMARTI', 'SWEYE1', 'YGRAUW', 'HVILVA', 'EHAXHI', 'MBOGE1', 'LVANG5', 'JCONIN', 'SBORAL', 'SVREY2', 'RVANHO', 'AKROUW', 'AAKSOY', 'MBOGE', 'AV2044', 'SMARYN', 'RREDD4', 'KW2910', 'RV3722', 'IBIESM', 'ECOOL1', 'SYS_JDEVAD', 'ADUMOU', 'KWYNS', 'LSCHOB', 'EVANSA', 'SAKUL2', 'ASEKH1', 'SDE8', 'JTHIPP', 'JMAND4', 'JEMMAN', 'AEYND1', 'SMOUSA', 'HELGAZ', 'NELGAZ', 'GVANE1', 'AOUZA1', 'DBUYND', 'BNAGEL', 'GROSIE', 'JTHIJ1', 'MDILLE', 'RHUYS2', 'WOPSTA', 'VTHEIV', 'LB3097', 'EL1912', 'PGIRI2', 'AW9457', 'YJ6243', 'JY6243', 'KSCHE2', 'ARaju2', 'ACHOU6', 'AELANG', 'ABISW3', 'ADAS17', 'ASAMA3', 'BGRACE', 'BREKH1', 'BDE4', 'DNAND2', 'DKARU1', 'SGOKHI', 'JTHO78', 'KJAYAW', 'KRAJA', 'MVELUS', 'MDAS2', 'AEHSAN', 'MBHUIY', 'NGUHAM', 'NSUPR1', 'OCHAUD', 'PSUJIT', 'PSHAW3', 'PPAND8', 'RPAND8', 'RRAI2', 'RSEN5', 'RRAM17', 'RSHAW7', 'SADHI2', 'SMRID1', 'SSHA41', 'SBOSE1', 'SROY12', 'SDAS30', 'TCHA30', 'SYANAD', 'NMOH11', 'ACHA43', 'AMAJI', 'SNAND51', 'SMOHA9', 'SSELV7', 'CVC', 'SDAS32', 'ABANE9', 'TESTER1', 'MIRFAN', 'RRED23', 'PJOSSY', 'RCHOU2', 'SKHAL3', 'SMILN5', 'ARAJU2', 'ASARAV', 'ABHUIY', 'ASIN54', 'ADAS20', 'JBAND3', 'JKUND1', 'SSAYED', 'SNAIR9', 'SPRA13', 'SBHAN2', 'TGHOS2', 'TSRABA', 'VKUM32', 'VMANI1', 'VCHEL1', 'VHIREM', 'VRAMAK', 'VDUBE3', 'CPOLLO', 'SMANT3', 'UKUMA4', 'NGANG1', 'BPENDY', 'JDEVA2')"
        }
      ]
    },
    {
      "id": "3",
      "name": "taskid3",
      "description": "Get the list of task id's",
      "queries": [
        {
          "query": "select task_id, task_desc,task_genrtn_ref_nbr,user_id,stat_code  from NIKEWM1064ER.task_hdr  where stat_code not in ('90','99') and Task_Desc IN ('PUTAWAY TO PALLET STORE') and user_id IN ('MSWAEL', 'KKERCK', 'JOEYE1', 'KVERBI', 'GHEYLE', 'FCOP', 'DSAEDE', 'DMACRI', 'SSMOLD', 'SBRAND', 'system', 'WMADMIN', 'LMADMIN', 'SNEUTJ', 'YBOSMA', 'AAYDI1', 'ACASTE', 'ImportUser', 'AGEURT', 'AGEVER', 'AGOOSE', 'BTEMME', 'BWALBE', 'CCEULE', 'CCUYVE', 'CRAYMA', 'CPEET3', 'CSTEUR', 'CSTEYA', 'CVERVO', 'CWILLE', 'DAERTS', 'MYUNU1', 'MELKIL', 'DESAJA', 'DFONTA', 'DKASAP', 'WMChaseUser', 'DKERPE', 'SBROWN', 'EAKSOY', 'LMARCE', 'SMADRI', 'RVANGR', 'JBERT1', 'DDESAD', 'BDESSE', 'RMEEUW', 'ABAJRA', 'NZIVAN', 'TEMP-CSET', 'TEMP-GATE', 'FBAYR1', 'FDAEMS', 'FGOKBA', 'CLENAE', 'GBELEN', 'GKOCAO', 'GVANH2', 'HAKCAY', 'HAKGOZ', 'HSANNE', 'IBOSMA', 'IDEMIR', 'IGENEC', 'IMENSC', 'INUYTS', 'IVANDE', 'IVANEL', 'JBOONS', 'JBOSSC', 'JDEWOL', 'JHASS', 'JHOOYB', 'JJENNE', 'JKERRE', 'JMACIN', 'JPANKA', 'JPHILI', 'MDAEM1', 'JSABBE', 'JSMOLD', 'JOLAER', 'ASMETS', 'SDIJCK', 'MBRUYN', 'BWIJN1', 'BJANNE', 'SNAND5', 'AROEY', 'HVERH1', 'LVAND8', 'GRAEYM', 'JM3997', 'DKOEVE', 'NDAS1', 'CBASAV', 'KABHIS', 'PBHANS', 'DSUVAR', 'KM3533', 'JM3717', 'MHESSE', 'TEMP-TRAN1', 'TEMP-TRAN2', 'BKITTU', 'HM3199', 'DM3326', 'RKANNA', 'PSMET', 'IOZGUR', 'THAERE', 'KEMMER', 'NVERBO', 'NPEET1', 'VVERBI', 'SFRANS', 'WPEETE', 'DVOETS', 'EBLOCK', 'MHEUSER', 'SB3544', 'LVERHE', 'JDEVAD', 'TPHIL7', 'BVAN10', 'SEERLI', 'MMOL1', 'BTHIJS', 'SVAND7', 'RAGUI4', 'AMURAT', 'LHUYS', 'MMORAN', 'RRAATG', 'AHULSM', 'NSOMER', 'ABERGH', 'MCAMS', 'EVERRE', 'GVERSC', 'PVERST', 'MWON14', 'JWOUT1', 'TDRIES', 'AMERCK', 'MPEET3', 'YSCHOO', 'YSCHU2', 'MSMITS', 'TVERDO', 'INVSYNC', 'FWELLE', 'MMIERL', 'KHAJEK', 'KEYCKM', 'CMAGIS', 'EBOONS', 'DPEETE', 'BSLEEG', 'MVAN17', 'TPEET2', 'MWEUST', 'MMENTE', 'TEMP-OPS2', 'TEMP-SOXOPS', 'TEMP-DISTPL', 'TEMP-WMSUP', 'TEMP-MANH', 'TEMP-LOADPL', 'TEMP-CUST', 'PREP1', 'PREP2', 'PREP3', 'PREP4', 'PREP5', 'PREP6', 'KMOUSS', 'RBENS', 'PBEST', 'SBODAE', 'ABOUWE', 'MVANLO', 'AMOLS', 'JBOOGE', 'ACAERS', 'PKURRE', 'BBAERT', 'SJANS', 'LLAARH', 'AFARES', 'AGEERT', 'AHAJI', 'AISSAM', 'ALAKTI', 'ALETKI', 'AOEYE1', 'APEETE', 'APINAS', 'HPAUWE', 'TEMP-INBPL', 'JSUCKE', 'SRITS', 'TEMP-PREP', 'TEMP-INV1', 'TEMP-INV2', 'TEMP-INV3', 'SLAMME', 'NPOETS', 'NBROND', 'KMANGE', 'EVANUF', 'RSIMO4', 'CBROEC', 'RNEYEN', 'HSCHRO', 'GBRUC2', 'GBUKEN', 'MCAMPF', 'GCHAMA', 'JEYKMA', 'SHAAZE', 'MMAES', 'DMERTE', 'ENIJS', 'FJEGER', 'ESAELE', 'FSMIT', 'SSTERC', 'SVANEL', 'AVANDE', 'EVANDU', 'AVANSA', 'SVERHE', 'ABOECK', 'ACOPPE', 'ACUYPE', 'ARENDE', 'ASANT', 'ASUNKU', 'AVAND4', 'AVANME', 'BBELMA', 'BBERRE', 'BCANNA', 'BILKSO', 'BJONCK', 'BKEIJZ', 'BKONIN', 'BLAVRI', 'BLOOY', 'BPEET3', 'BROOY', 'BSTERC', 'BYILDI', 'BYILD1', 'CBRUYN', 'CMOONS', 'CNEYS', 'CREYME', 'CSTEYN', 'CVAND2', 'CWIL47', 'DGEVER', 'DILIAE', 'DKENNI', 'DPELGR', 'DRUELE', 'DSZULZ', 'DTHEYS', 'DVOLDE', 'EADABO', 'EBERHE', 'EBOERB', 'EBURAK', 'TEMP-HLPDSK', 'TEMP-OPS1', 'TEMP-GWMS', 'EEMIZI', 'EJANSS', 'EKAHRA', 'EKAPLA', 'ELEYSE', 'ESTEEN', 'ETAEYM', 'EVERHA', 'EVOLDE', 'FOZTUR', 'GBAX', 'GNYS', 'GVASTM', 'GVLEUG', 'GWINKL', 'HGULI1', 'HMOUSS', 'HTRUYE', 'ICADIR', 'EEYKMA', 'EHAKYE', 'EHEMEL', 'IKELDE', 'ILOEY', 'IPLU', 'IVISSE', 'JAERT1', 'JBREMS', 'JBUNTI', 'JCEUST', 'JCLAE3', 'JDANIE', 'JDEWIL', 'JDONIN', 'JENGE1', 'JHENDR', 'JHEYLE', 'JHOOYD', 'JHUYSM', 'JLANGE', 'JLUYPA', 'JMERTE', 'SYS_BLEBLE', 'SYS_JOLAER', 'SYS_ASMETS', 'SYS_MSWAEL', 'SYS_JDEROM', 'SWOUT4', 'GDRUYT', 'HHOUTM', 'JLEYSS', 'JVAN76', 'UTOLE2', 'FBERIN', 'CWITTE', 'NTIMME', 'BBENS7', 'ETUBBE', 'YOZTUR', 'CPUNI1', 'IPEETE', 'JDEVOS', 'NVERHU', 'RVLOEB', 'JSTORM', 'SMATTH', 'NVORSE', 'JMOON3', 'YKERKH', 'JROOSE', 'JSLEGE', 'JVELD1', 'JVENNE', 'JVERL1', 'JVERWA', 'JVINK', 'JVLAMI', 'JVOETS', 'JZAALM', 'KADAMA', 'KARENT', 'KARK', 'KBIRIN', 'KFANSA', 'KHASSA', 'KKASMI', 'KMICHI', 'KMOND1', 'KPEETE', 'KPRINC', 'KRIJCK', 'KROY', 'KTSYEN', 'KVEN', 'KVERRE', 'KVERST', 'KZAREE', 'LBEERD', 'LCAMBR', 'LCOLLI', 'LDREES', 'LGOMPE', 'LJANS1', 'MADAHC', 'MBENII', 'MCHAMM', 'MDIJKS', 'MDURAN', 'MKARAB', 'MMENTZ', 'MMERTE', 'MMONSI', 'MRIEVE', 'MSMEET', 'MZABOT', 'NAERTS', 'NGASSE', 'NNICAS', 'ODEMIR', 'OVOLKA', 'PCABUY', 'PMAES', 'PRUBEN', 'LADAMA', 'LBEYEN', 'LBOECK', 'LGOMBE', 'MSEIGE', 'MVANHE', 'MVERH1', 'NBESAU', 'NBOSMA', 'NHERCK', 'PVERME', 'RSAHIN', 'RVERCA', 'SALBAS', 'SBENS', 'SCORVE', 'SDAEME', 'SDORDE', 'SHIRA2', 'SHONDT', 'SKELE', 'SKHATT', 'SKUTLA', 'SMAAGO', 'SNISI', 'SNUYT1', 'SPOELM', 'SPOPPE', 'SREYME', 'SRIEMI', 'SSCHEF', 'SSMEET', 'SSTREM', 'STHIJ1', 'SYEMEN', 'TCOOLS', 'TCUZZO', 'TEVERS', 'TJENNE', 'TRENIE', 'TSTROE', 'TVOET', 'KDEREY', 'KLUYTE', 'KMACQU', 'LPAUWE', 'LPAUW1', 'LSMEET', 'LVERSW', 'LVREYS', 'MALLAR', 'NHESEL', 'KVANBR', 'NTRUYE', 'CSEVER', 'OMANAI', 'PEVANG', 'PHOUTM', 'PLAET', 'ESPAUL', 'RAKSO', 'RBAPT1', 'RBECK1', 'RBRAN1', 'RBRYS', 'RCIFCI', 'RCLAES', 'RCOOMA', 'RDAVRE', 'RGLINS', 'RJEUR1', 'RMOESE', 'STUCH', 'SVAND3', 'SWOUT1', 'SWOUT2', 'TBELLE', 'TCEULE', 'TDAMEN', 'TDEMIR', 'TRIDWA', 'TSCHEL', 'TVERBR', 'KOZCAN', 'KTHIJ1', 'KVANGE', 'MBOONS', 'MCALTA', 'MCEUS1', 'MDAMOU', 'MDEMIR', 'MEGEMA', 'MGIJBE', 'MHEREM', 'MHEUVE', 'MJAN12', 'MLAKTI', 'PVELDE', 'TWILLE', 'TWOUT1', 'UHERKU', 'UKONAK', 'VCHAR2', 'VCOOLS', 'VILJAZ', 'VLAES', 'VNDOMB', 'VTHANH', 'VVREED', 'WBERGH', 'WGOORM', 'WVERJA', 'WWAUTE', 'WWEYNA', 'WWILLE', 'YAKCA', 'YSAAD', 'YSCHUT', 'YVAN1', 'ZMONAI', 'IMENGE', 'KMAERS', 'AARUJO', 'ABERG', 'AVAND3', 'BBENS1', 'BPEETE', 'BSEMMY', 'CCORVE', 'CVANG1', 'DPAUWE', 'EOZVER', 'ERUEL1', 'EVANHO', 'FMOSCA', 'NLOOY', 'PBASTE', 'PLAEN1', 'PMAES1', 'RVAND3', 'SPEET1', 'TWEYMA', 'TYILD1', 'ZOUSSA', 'YCLAE2', 'HGULHA', 'SGRANA', 'SJANS9', 'CVOLDE', 'ILENAE', 'GEYSER', 'HCLAES', 'NBOLLE', 'MYILDI', 'NALTIN', 'VCEUNE', 'VPEETE', 'CLOOY', 'EYILDI', 'GSANEN', 'DVERAC', 'AFADI', 'AHAUTE', 'ALADOY', 'AVERHE', 'AWYFFE', 'BBENSC', 'BLAFOS', 'BSLEGE', 'DVANMA', 'EHEUVE', 'FALBER', 'FFRICK', 'GCELEP', 'GVANWU', 'HBOLLE', 'HGEMER', 'HPEET1', 'IAERTS', 'ILIEKE', 'JSANDE', 'JVANDO', 'JVERBR', 'KBREMS', 'KDEWIN', 'KHUYSM', 'KKIEKE', 'KTHAE2', 'KWACHT', 'LHEND1', 'LVINGE', 'MBOVE', 'MDAENE', 'MLEMME', 'MREYND', 'MVAN9', 'NDONS', 'NHEYL1', 'NKELE', 'PKENE1', 'RVAND4', 'SGILIS', 'TBREUG', 'VWATER', 'WCRUYS', 'YBAEL', 'DMERT1', 'RPANT', 'SKUMAR', 'RSWAIN', 'SCHITA', 'SPANIG', 'KBOMMA', 'SKAIGA', 'ECLAE1', 'CSCHEL', 'CSMEET', 'CGELEN', 'MJANS5', 'MHOEYL', 'LRAUWS', 'MBAETE', 'SLOUWE', 'ENUFFE', 'JGRAUW', 'JSWIJS', 'NNWOKO', 'MBAUWE', 'FDUR1', 'ERUELE', 'SMEUWE', 'FSWANN', 'HHOOF', 'FFRANS', 'RHEND9', 'DDILLE', 'IWASSI', 'TVANHA', 'GLAENE', 'GBARTE', 'KKENNE', 'CKRAME', 'KRYKER', 'LRUFFA', 'JLEYS', 'KPEUTE', 'EMEULE', 'NPEET2', 'kadama', 'LVANBO', 'CSPOOR', 'AVERS1', 'CWILL2', 'JWIAME', 'SHELSE', 'WGEERO', 'WHEND1', 'WVAND5', 'YAVCI', 'WHEND2', 'JENGEL', 'BTHOEL', 'TBAESS', 'VNGUYE', 'AAYDI2', 'DAYDI1', 'ZBODUR', 'LBOEC1', 'LBOEC2', 'EBOUA', 'ZBOUWE', 'GCAMBR', 'JCAMBR', 'HCESUR', 'LCOENE', 'BDALGI', 'GCEULA', 'HVAN6', 'BACKER', 'DHUYSM', 'MLAKT1', 'NRAVAU', 'POZTUR', 'JNIJS', 'ODEMI1', 'MREYCK', 'MBENAI', 'ACIGCI', 'KBRAND', 'VCALIS', 'BOTTEN', 'MYUKSE', 'MYUKS1', 'RROZE1', 'RGEEL2', 'BSWERT', 'CLIGOR', 'CHEYND', 'DJONKE', 'GBELAR', 'JSPREN', 'MFCHOU', 'BLAURG', 'IAZOUG', 'VOZDEM', 'IDELAF', 'YDELAF', 'EDEMI1', 'AGAMOU', 'VGALLE', 'CGARCI', 'SGEERT', 'BGOOS', 'THOREM', 'CSAPIO', 'MWILLE', 'OODEMI', 'UTOP', 'GBUYEN', 'FBALL3', 'GCEUST', 'MYAHYA', 'TVANHE', 'WDRIJB', 'SLUBEC', 'AABBIU', 'NDAS', 'RGEEL1', 'AKODOU', 'GMARTE', 'KBUCK', 'KMEYNE', 'KROMPA', 'KZYGMU', 'LFERRA', 'LHUYBR', 'LTAELS', 'NGATTO', 'NMECHE', 'NWOUTE', 'OONAL', 'KHENDR', 'RNIJS1', 'KBOECK', 'KPUT', 'AAYDIN', 'EDEMIR', 'MWAMBU', 'SAERTG', 'HAYDI1', 'YBOERS', 'MOOSTV', 'AAKBAS', 'ETIMM1', 'MVANSI', 'SCOLAE', 'FMARI1', 'ISIDER', 'LHAES', 'WVANDE', 'SLYASS', 'KEELEN', 'CTREKE', 'DVERSW', 'GCOCAO', 'MZIANI', 'AYOUSS', 'ASEDDI', 'WSTEUR', 'KVERME', 'CHAESE', 'JCAERT', 'JGEENS', 'KBAUDU', 'SRAMOS', 'TMEYST', 'BBEYEN', 'RRUSSO', 'AYAHYA', 'IADAMO', 'JBOSCH', 'KCUYPE', 'SAERT1', 'SAISSA', 'LAKWEI', 'MAKWEI', 'FANTWI', 'KBANTU', 'BBELCK', 'ELUSSA', 'BMAES', 'LMAES', 'CMAEYN', 'FNGOM', 'KNUYTS', 'YNUYTS', 'NOIZAZ', 'ROKUNE', 'JPEETE', 'AARZU', 'BBEKOV', 'CUSAME', 'CSERN1', 'GHEYL1', 'LCOLOG', 'PGEMER', 'SNUYEN', 'SBLOEM', 'GKANLI', 'JKERSE', 'MCHEBK', 'JEYNDE', 'RAUWER', 'LZEGVE', 'SBAKHT', 'EBOLAT', 'IHOOGT', 'LVANDE', 'BVERAC', 'RZAMUD', 'LBIERI', 'JSTROO', 'EJACOB', 'BKAGWE', 'EKALEN', 'MOKSUZ', 'ACUMPS', 'TSANEN', 'LMALL1', 'CVANDY', 'NSTERC', 'JPAULU', 'KFRANS', 'VQUARE', 'LCLOOT', 'bsemcz', 'BSEMCZ', 'PBOECK', 'AELABD', 'MNADJI', 'GABT', 'MMBALA', 'NBULCK', 'ALEYS', 'ESAFRA', 'MTURKM', 'ANIEUW', 'NBELHA', 'ATAWAN', 'RREUSE', 'CADELA', 'BAKBUL', 'WDANKE', 'SGLASS', 'BHENDR', 'LHUFKE', 'MLAM1', 'JLEMM2', 'RMARIE', 'MMICH1', 'AMOSCA', 'ROZKAN', 'KPLACI', 'ESPRUY', 'KSCHOO', 'MHELSE', 'LHEYNS', 'THOMAW', 'CDREEF', 'MSANLI', 'MSEKER', 'ASOZER', 'TSTERC', 'RSTUYC', 'BTRAN', 'JTUYIS', 'AVANLO', 'SWAUTE', 'AWUYTS', 'MYOLCU', 'EPIRS', 'EROELS', 'SDEURE', 'ESTEUR', 'KASARA', 'MCUYLA', 'MAYARI', 'SAKTAY', 'BDEGEY', 'TVAN13', 'MGEYSK', 'NLAGRA', 'GOMER', 'JLAMB4', 'LHAEGD', 'WMEES', 'SBRANC', 'LGIJBE', 'YHOURA', 'RMAES', 'HSWINN', 'CVANHO', 'AVERSC', 'YWIJNS', 'ABOUFR', 'KCORN2', 'AHEYLE', 'YINFEL', 'VJANSE', 'IJANSS', 'AJOORI', 'UKAYA', 'JKENDI', 'SLAUWE', 'ELIEKE', 'JMOONS', 'SMUYLL', 'SPEETE', 'TSAFRA', 'KTUREL', 'CTURKM', 'JBROEC', 'LDOREN', 'SLAERE', 'POLMEN', 'NVERST', 'MWAMB1', 'CWALL2', 'YBORGE', 'DHOEKX', 'FESCOB', 'HLAGEN', 'IJORDE', 'SCETIN', 'IAKAR', 'LBEKKE', 'LAERTS', 'SGEUKE', 'TGEUKE', 'VJANS1', 'DBLOCK', 'JLINDE', 'LVANNU', 'JWIELA', 'RAKBUL', 'NBENAL', 'AJANS2', 'WJONGE', 'RKLEPP', 'VLEYSE', 'JMAES4', 'HVEREY', 'CRAHIE', 'IFRIMP', 'JVIS', 'MKLAPH', 'NSCHEE', 'PBERVO', 'SYS_NHENSM', 'WMWAVERESET', 'GCHARO', 'MLOE', 'NMERT2', 'RJESPE', 'JPREAU', 'LHENCK', 'SMETIN', 'TBATSE', 'JGORP', 'MGORRE', 'DCALST', 'MBAL', 'PMANDA', 'STIMM6', 'TBIE', 'CMIELT', 'FGUTIE', 'HLAET', 'JMAEYN', 'MBAIRI', 'NZOONS', 'MLOEND', 'DTHIJS', 'MKAMAR', 'PREP7', 'PREP8', 'WMSCHEDUSER', 'WMAUTOWAVE', 'SYS_ABERGH', 'SELKHA', 'TLODEW', 'MHOLTA', 'SOTS', 'SOOSTE', 'MVALGA', 'KJANS1', 'ASIMON', 'EWILLE')",
          "query": "select task_id, task_desc,task_genrtn_ref_nbr,user_id,stat_code  from NIKEWM1064ER.task_hdr  where stat_code not in ('90','99') and Task_Desc IN ('PUTAWAY TO PALLET STORE') and user_id IN ('KLAENE', 'SCAUWE', 'MBEECK', 'VMEUS', 'PBUKEN', 'WVANGA', 'TCALLE', 'HWITH', 'SREUSE', 'SCEULA', 'HPATLA', 'CVEREL', 'CAELST', 'KLEYS', 'SYS_CPUNIE', 'SYS_HVANIE', 'SYS_LVAND8', 'AHARTS', 'AVOERM', 'CREYN1', 'JYARAM', 'LRUYSS', 'AWOUTE', 'CFONTE', 'DHOREM', 'MLINGE', 'SYS_JKERSE', 'WMSLOTUSER', 'BVOOGT', 'RSARI', 'SELBEZ', 'SHALAW', 'AQUIRY', 'NWASS2', 'OGUZEL', 'SBARKA', 'LLEEMA', 'BBEVER', 'BPHILI', 'EZENUL', 'ASENGU', 'DNOBLE', 'KWAGEM', 'WRUDDE', 'AMACHI', 'AGRAEF', 'DLEMME', 'ASMITS', 'CENGEL', 'HMENIG', 'MMOONS', 'SLEUVE', 'YVEL', 'JVERR1', 'PQUARE', 'SOZTUR', 'LPELG1', 'SKWANT', 'ECHABA', 'SPEET6', 'SBOEC2', 'AKOUTA', 'CVANH1', 'GPFAFF', 'HERYIG', 'JHARNE', 'RMOLS', 'KGOETH', 'ASEVER', 'EMEYER', 'JOOMS', 'JWITH', 'LHENDR', 'TGIJSE', 'YCHAHC', 'HDURUK', 'IKERTO', 'JLETUR', 'ABADAL', 'VPROOS', 'JCRAEC', 'JONRAE', 'JVANDE', 'NWILLE', 'TGELDE', 'TJANS1', 'LWINDT', 'LCOCHE', 'MRAYMA', 'DDESAL', 'JBEC11', 'JVANOE', 'NPAD', 'SLOYEN', 'LHEYLE', 'JLEMME', 'KGORP', 'GCLOES', 'SYS_GAVCI', 'AOUZAH', 'DKARA1', 'GJEACQ', 'CR6055', 'JTRIER', 'WWYNA1', 'JGEERT', 'MLAUWA', 'MPEETE', 'MYUKLE', 'MFAYEK', 'LVANH1', 'SJANSS', 'VHEYLE', 'MCORN1', 'HENGEL', 'WVAND4', 'DMOONS', 'JBRANS', 'DCARM2', 'ADOCHE', 'NLOUWE', 'KROUCO', 'CJANSS', 'HMAES', 'NMELLE', 'GBOYZO', 'KSOOLS', 'AVAN18', 'DGEUE1', 'KVRANK', 'BN4135', 'RLOY', 'JJOOST', 'RO8787', 'CLUYTS', 'GSMEDT', 'SP2123', 'HBYLEM', 'TSTEVE', 'BWYNS', 'WVERBR', 'JROOFT', 'MTAEYM', 'LS3490', 'DOTTO1', 'FEXELM', 'GVANHE', 'IASCH', 'JBRANC', 'LGEUEN', 'MMACHI', 'SCAST1', 'CHEYLE', 'RGORIS', 'FBAETE', 'SKRIEC', 'JBRONC', 'ABERLA', 'GDAAL', 'ECARRI', 'JWAGEM', 'CBROU1', 'GTHEYS', 'KOBBER', 'TSTUYC', 'MDIJCK', 'MHOEYK', 'MVONCK', 'SLAURI', 'MMACDO', 'MTRUA1', 'FBROEC', 'JMCIN4', 'KDHAKA', 'SKANAG', 'AYILDI', 'ATURAN', 'DVERBR', 'FSECGI', 'RGROND', 'JLENS1', 'ACLONE', 'BBACKE', 'BSMET1', 'SBOUW2', 'NKORTL', 'KTORB1', 'FMONAR', 'ACAMP', 'EIBISI', 'JCOLLA', 'JVANL1', 'LGAETE', 'NSCHAT', 'CDAELM', 'DVOS', 'EHUNCK', 'GHEUCK', 'JCELIS', 'KKIND', 'MWILL1', 'NMORAL', 'PWELLE', 'GLUFFI', 'MLUXEM', 'MCLAUW', 'SOPSTA', 'BDELAE', 'JNOYEN1', 'TSCHE6', 'MJAC39', 'CSTES1', 'BVRANC', 'AMAES1', 'HSUKUN', 'CNEVEL', 'CJACO8', 'JVAN53', 'JVAN67', 'KENGE1', 'MKERKH', 'MBROE1', 'RMARI2', 'ROPRIN', 'SMEVES', 'YMARI1', 'SPEET4', 'TJANS4', 'SHAESE', 'BGOMBE', 'RHANSS', 'TDESIR', 'TVANSC', 'WTHEUN', 'DVAN24', 'RHAR21', 'LBELLE', 'SVANH4', 'DN0773', 'SN0376', 'GD6842', 'AG3552', 'AG7119', 'AH0369', 'MH3841', 'LH3520', 'EJ0178', 'IJ0005', 'BL3343', 'AGIESE', 'YGEERA', 'SPEET5', 'AVANL1', 'KVERS1', 'JMATHE', 'YBAATE', 'EBOLT', 'LWINDR', 'JNYIRA', 'BTHEUN', 'BMORRH', 'THOEDE', 'PSMOLD', 'CJANS3', 'JVAN62', 'ABALGA', 'BMAST1', 'GSCHR1', 'CWACH1', 'KCAUWB', 'MMVILA', 'MREYN2', 'DOLMEN', 'KVERH2', 'TMAES1', 'AFIKRI', 'CRIZZI', 'DBOLL1', 'FBACKX', 'KAERDE', 'CDEWAC', 'CL3728', 'PS9881', 'ML3183', 'VT1684', 'AU3553', 'DV9885', 'CE0929', 'WG3515', 'SJ1544', 'WV0211', 'MBIET1', 'KSTESS', 'JKEND1', 'ZAKARO', 'KHOSKE', 'LBOEC3', 'LC3786', 'WOCRAN', 'ZVANWE', 'MLUYTE', 'SSANTE', 'JCAMPS', 'MD0956', 'JDESME', 'KMEURI', 'BCORT1', 'BD3266', 'RD1975', 'YD6103', 'EF3109', 'LG5344', 'SV2019', 'BV3723', 'SV7822', 'SV1591', 'WV3347', 'SV0295', 'PV1147', 'TV5167', 'JV0450', 'JV3565', 'AV3980', 'VV6861', 'BV3545', 'BV8704', 'MV8365', 'SC4196', 'CV0514', 'DKURAL', 'HGOKTA', 'ELAUW2', 'MDERUT', 'NVERBR', 'SJANS1', 'DSTERC', 'KFONT2', 'YPHILT', 'JDIERC', 'JSMEE1', 'EPERCH', 'DLEEME', 'MBECKE', 'MOPSTA', 'YVANDA', 'EBOGA1', 'ASCHA9', 'GBOSE', 'NCAMMA', 'PCASAL', 'RREEVE', 'SMCCL9', 'TJEANL', 'LOULDH', 'BMARTE', 'MJANS4', 'LBEENE', 'FWITTE', 'CEEDT', 'ASINER', 'KVANBI', 'NVERB2', 'KPEET1', 'VVLOEB', 'RBRUYN', 'SCLAE4', 'EACHT1', 'MVANL6', 'TDEJAG', 'LLEMME', 'BBOGAE', 'WDELIE', 'MM6898', 'TC2998', 'CN0245', 'JC3719', 'JN5771', 'SD3554', 'LD0896', 'SGULHA', 'AD4749', 'MG0003', 'GG3479', 'CH0286', 'EH2512', 'KLUYT2', 'VH9809', 'JR0963', 'SS7983', 'HS7070', 'SGOELE', 'SV6499', 'WJAMES', 'FDEEKM', 'GFERR1', 'HNAULA', 'SADRI1', 'FMANUE', 'JSOBKO', 'CSILVA', 'JNYS1', 'RCUYX', 'GANTHE', 'SSTRIC', 'EJACO1', 'GAKEND', 'JPINAS', 'HPOESM', 'AGHOOS', 'GLAMBA', 'SVAND9', 'WBIJLE', 'KMASSO', 'SPELSM', 'LOOMS', 'RBOESM', 'XKEMPS', 'SCORNE', 'JAFIFI', 'AGOOD2', 'BNOBEL', 'EHEYLE', 'HENGE2', 'RBOLDE', 'AHEIVE', 'TWILL2', 'DSO2', 'SEURIS', 'DVANOL', 'LHEYN2', 'RCRUYS', 'TPAYLA', 'ACHTIO', 'BSTYNE', 'FVONCK', 'HGAINI', 'JDUART', 'MHRAMC', 'DTSYEN', 'JPIANA', 'MMANIS', 'YNGWET', 'PHOLLA', 'DBUYS', 'JDANEE', 'MPEET5', 'NMERT1', 'SBORTE', 'YMAALE', 'FARAS', 'NNAHOO', 'KWENS', 'NETTIE', 'PDIER2', 'TGIESB', 'CHERCK', 'FAERTS', 'KVANKR', 'PGOETE', 'IYILDI', 'JCLAE8', 'SJANS6', 'SPOESE', 'TWEYE2', 'AZAJGU', 'EBREMS', 'PPELGR', 'MMICHI', 'SLEYSE', 'WVANGE', 'DEELEN', 'IMAKRI', 'MMOER1', 'SBRUYN', 'JLOOY', 'JVERAG', 'FNETO', 'JPELGR', 'TVERAC', 'KWUYTA', 'LBOUMA', 'ROST', 'MBUYSE', 'GKOCK', 'PVANDE', 'GGOOLA', 'NWILL1', 'SAHDOU', 'EFAES', 'IVERDO', 'RSLIJN', 'SVLIER', 'WGEENS', 'HCHATI', 'KSALAE', 'OHAMDA', 'PSCHEP', 'KSCHIL', 'SLACHI', 'DWEEKE', 'ESTEYL', 'JSMET', 'AINDES', 'KJANE', 'AGIEL1', 'AURBAN', 'LCROON', 'PPOORT', 'SRAJA1', 'TBASEL', 'SGEER2', 'SBOECK', 'BBROE1', 'PVERFA', 'BLEEMP', 'KLAUWE', 'LBOEC6', 'MTAHIR', 'ESALI1', 'MREYN3', 'RLAGRI', 'JVERB2', 'KNYS', 'KPEET8', 'LJANS4', 'PESCOB', 'SHEND2', 'FHENDR', 'MTAHA', 'JLAM', 'LKARKA', 'SYERR1', 'CHOVEN', 'CPUNIE', 'MGELEN', 'NCOSAR', 'KKEPPE', 'GMEYN1', 'TCANNA', 'WVERLI', 'TDEPEU', 'JKLIN2', 'PBONTH', 'KBAMP1', 'JLAMB2', 'DVEEKM', 'SNOENI', 'AGJOKA', 'KVANPE', 'APOESM', 'RMOON1', 'YPOESM', 'AAKOWU', 'MKOSE2', 'SA1727', 'HA5855', 'AB4608', 'HC7659', 'LC6665', 'WD3408', 'JP3425', 'PP9383', 'AS3182', 'BV0795', 'BAKOWU', 'MBOSSE', 'MKOSE1', 'YFOSTE', 'SHOOF', 'WBROEK', 'KHILLE', 'KPOLAM', 'KKODA1', 'LVENK1', 'NPARIA', 'NNAREN', 'SYS_BWIJN1', 'OKARET', 'PGOVI4', 'PSIBB1', 'RROSHA', 'RAGAR1', 'SPIDAM', 'SPARI3', 'SDUGAL', 'SBISW7', 'SBAJPA', 'TAHMA1', 'SYS_BJANNE', 'SYS_BTHIJS', 'SYS_JSOBKO', 'SYS_LOULDH', 'SYS_MVAN17', 'SYS_MBRUYN', 'SYS_RLOY', 'SYS_SNAND5', 'TBAYLA', 'ELAGEN', 'JSTEEN', 'VVAND6', 'JMARTI', 'SWEYE1', 'YGRAUW', 'HVILVA', 'EHAXHI', 'MBOGE1', 'LVANG5', 'JCONIN', 'SBORAL', 'SVREY2', 'RVANHO', 'AKROUW', 'AAKSOY', 'MBOGE', 'AV2044', 'SMARYN', 'RREDD4', 'KW2910', 'RV3722', 'IBIESM', 'ECOOL1', 'SYS_JDEVAD', 'ADUMOU', 'KWYNS', 'LSCHOB', 'EVANSA', 'SAKUL2', 'ASEKH1', 'SDE8', 'JTHIPP', 'JMAND4', 'JEMMAN', 'AEYND1', 'SMOUSA', 'HELGAZ', 'NELGAZ', 'GVANE1', 'AOUZA1', 'DBUYND', 'BNAGEL', 'GROSIE', 'JTHIJ1', 'MDILLE', 'RHUYS2', 'WOPSTA', 'VTHEIV', 'LB3097', 'EL1912', 'PGIRI2', 'AW9457', 'YJ6243', 'JY6243', 'KSCHE2', 'ARaju2', 'ACHOU6', 'AELANG', 'ABISW3', 'ADAS17', 'ASAMA3', 'BGRACE', 'BREKH1', 'BDE4', 'DNAND2', 'DKARU1', 'SGOKHI', 'JTHO78', 'KJAYAW', 'KRAJA', 'MVELUS', 'MDAS2', 'AEHSAN', 'MBHUIY', 'NGUHAM', 'NSUPR1', 'OCHAUD', 'PSUJIT', 'PSHAW3', 'PPAND8', 'RPAND8', 'RRAI2', 'RSEN5', 'RRAM17', 'RSHAW7', 'SADHI2', 'SMRID1', 'SSHA41', 'SBOSE1', 'SROY12', 'SDAS30', 'TCHA30', 'SYANAD', 'NMOH11', 'ACHA43', 'AMAJI', 'SNAND51', 'SMOHA9', 'SSELV7', 'CVC', 'SDAS32', 'ABANE9', 'TESTER1', 'MIRFAN', 'RRED23', 'PJOSSY', 'RCHOU2', 'SKHAL3', 'SMILN5', 'ARAJU2', 'ASARAV', 'ABHUIY', 'ASIN54', 'ADAS20', 'JBAND3', 'JKUND1', 'SSAYED', 'SNAIR9', 'SPRA13', 'SBHAN2', 'TGHOS2', 'TSRABA', 'VKUM32', 'VMANI1', 'VCHEL1', 'VHIREM', 'VRAMAK', 'VDUBE3', 'CPOLLO', 'SMANT3', 'UKUMA4', 'NGANG1', 'BPENDY', 'JDEVA2')"
        }
      ]
    },
    {
      "id": "4",
      "name": "taskid4",
      "description": "Get the list of wave id's",
      "queries": [
        {
          "query": "select distinct task_genrtn_ref_nbr  from NIKEWM1064ER.task_hdr  where stat_code not in ('90','99') and Task_Desc IN ('INT 51 DISCRETE PICK MODULE','INT 51 TOTE ZONE 47 48 49 CHASE','INT 2 Carton No VAS') and user_id IN ('MSWAEL', 'KKERCK', 'JOEYE1', 'KVERBI', 'GHEYLE', 'FCOP', 'DSAEDE', 'DMACRI', 'SSMOLD', 'SBRAND', 'system', 'WMADMIN', 'LMADMIN', 'SNEUTJ', 'YBOSMA', 'AAYDI1', 'ACASTE', 'ImportUser', 'AGEURT', 'AGEVER', 'AGOOSE', 'BTEMME', 'BWALBE', 'CCEULE', 'CCUYVE', 'CRAYMA', 'CPEET3', 'CSTEUR', 'CSTEYA', 'CVERVO', 'CWILLE', 'DAERTS', 'MYUNU1', 'MELKIL', 'DESAJA', 'DFONTA', 'DKASAP', 'WMChaseUser', 'DKERPE', 'SBROWN', 'EAKSOY', 'LMARCE', 'SMADRI', 'RVANGR', 'JBERT1', 'DDESAD', 'BDESSE', 'RMEEUW', 'ABAJRA', 'NZIVAN', 'TEMP-CSET', 'TEMP-GATE', 'FBAYR1', 'FDAEMS', 'FGOKBA', 'CLENAE', 'GBELEN', 'GKOCAO', 'GVANH2', 'HAKCAY', 'HAKGOZ', 'HSANNE', 'IBOSMA', 'IDEMIR', 'IGENEC', 'IMENSC', 'INUYTS', 'IVANDE', 'IVANEL', 'JBOONS', 'JBOSSC', 'JDEWOL', 'JHASS', 'JHOOYB', 'JJENNE', 'JKERRE', 'JMACIN', 'JPANKA', 'JPHILI', 'MDAEM1', 'JSABBE', 'JSMOLD', 'JOLAER', 'ASMETS', 'SDIJCK', 'MBRUYN', 'BWIJN1', 'BJANNE', 'SNAND5', 'AROEY', 'HVERH1', 'LVAND8', 'GRAEYM', 'JM3997', 'DKOEVE', 'NDAS1', 'CBASAV', 'KABHIS', 'PBHANS', 'DSUVAR', 'KM3533', 'JM3717', 'MHESSE', 'TEMP-TRAN1', 'TEMP-TRAN2', 'BKITTU', 'HM3199', 'DM3326', 'RKANNA', 'PSMET', 'IOZGUR', 'THAERE', 'KEMMER', 'NVERBO', 'NPEET1', 'VVERBI', 'SFRANS', 'WPEETE', 'DVOETS', 'EBLOCK', 'MHEUSER', 'SB3544', 'LVERHE', 'JDEVAD', 'TPHIL7', 'BVAN10', 'SEERLI', 'MMOL1', 'BTHIJS', 'SVAND7', 'RAGUI4', 'AMURAT', 'LHUYS', 'MMORAN', 'RRAATG', 'AHULSM', 'NSOMER', 'ABERGH', 'MCAMS', 'EVERRE', 'GVERSC', 'PVERST', 'MWON14', 'JWOUT1', 'TDRIES', 'AMERCK', 'MPEET3', 'YSCHOO', 'YSCHU2', 'MSMITS', 'TVERDO', 'INVSYNC', 'FWELLE', 'MMIERL', 'KHAJEK', 'KEYCKM', 'CMAGIS', 'EBOONS', 'DPEETE', 'BSLEEG', 'MVAN17', 'TPEET2', 'MWEUST', 'MMENTE', 'TEMP-OPS2', 'TEMP-SOXOPS', 'TEMP-DISTPL', 'TEMP-WMSUP', 'TEMP-MANH', 'TEMP-LOADPL', 'TEMP-CUST', 'PREP1', 'PREP2', 'PREP3', 'PREP4', 'PREP5', 'PREP6', 'KMOUSS', 'RBENS', 'PBEST', 'SBODAE', 'ABOUWE', 'MVANLO', 'AMOLS', 'JBOOGE', 'ACAERS', 'PKURRE', 'BBAERT', 'SJANS', 'LLAARH', 'AFARES', 'AGEERT', 'AHAJI', 'AISSAM', 'ALAKTI', 'ALETKI', 'AOEYE1', 'APEETE', 'APINAS', 'HPAUWE', 'TEMP-INBPL', 'JSUCKE', 'SRITS', 'TEMP-PREP', 'TEMP-INV1', 'TEMP-INV2', 'TEMP-INV3', 'SLAMME', 'NPOETS', 'NBROND', 'KMANGE', 'EVANUF', 'RSIMO4', 'CBROEC', 'RNEYEN', 'HSCHRO', 'GBRUC2', 'GBUKEN', 'MCAMPF', 'GCHAMA', 'JEYKMA', 'SHAAZE', 'MMAES', 'DMERTE', 'ENIJS', 'FJEGER', 'ESAELE', 'FSMIT', 'SSTERC', 'SVANEL', 'AVANDE', 'EVANDU', 'AVANSA', 'SVERHE', 'ABOECK', 'ACOPPE', 'ACUYPE', 'ARENDE', 'ASANT', 'ASUNKU', 'AVAND4', 'AVANME', 'BBELMA', 'BBERRE', 'BCANNA', 'BILKSO', 'BJONCK', 'BKEIJZ', 'BKONIN', 'BLAVRI', 'BLOOY', 'BPEET3', 'BROOY', 'BSTERC', 'BYILDI', 'BYILD1', 'CBRUYN', 'CMOONS', 'CNEYS', 'CREYME', 'CSTEYN', 'CVAND2', 'CWIL47', 'DGEVER', 'DILIAE', 'DKENNI', 'DPELGR', 'DRUELE', 'DSZULZ', 'DTHEYS', 'DVOLDE', 'EADABO', 'EBERHE', 'EBOERB', 'EBURAK', 'TEMP-HLPDSK', 'TEMP-OPS1', 'TEMP-GWMS', 'EEMIZI', 'EJANSS', 'EKAHRA', 'EKAPLA', 'ELEYSE', 'ESTEEN', 'ETAEYM', 'EVERHA', 'EVOLDE', 'FOZTUR', 'GBAX', 'GNYS', 'GVASTM', 'GVLEUG', 'GWINKL', 'HGULI1', 'HMOUSS', 'HTRUYE', 'ICADIR', 'EEYKMA', 'EHAKYE', 'EHEMEL', 'IKELDE', 'ILOEY', 'IPLU', 'IVISSE', 'JAERT1', 'JBREMS', 'JBUNTI', 'JCEUST', 'JCLAE3', 'JDANIE', 'JDEWIL', 'JDONIN', 'JENGE1', 'JHENDR', 'JHEYLE', 'JHOOYD', 'JHUYSM', 'JLANGE', 'JLUYPA', 'JMERTE', 'SYS_BLEBLE', 'SYS_JOLAER', 'SYS_ASMETS', 'SYS_MSWAEL', 'SYS_JDEROM', 'SWOUT4', 'GDRUYT', 'HHOUTM', 'JLEYSS', 'JVAN76', 'UTOLE2', 'FBERIN', 'CWITTE', 'NTIMME', 'BBENS7', 'ETUBBE', 'YOZTUR', 'CPUNI1', 'IPEETE', 'JDEVOS', 'NVERHU', 'RVLOEB', 'JSTORM', 'SMATTH', 'NVORSE', 'JMOON3', 'YKERKH', 'JROOSE', 'JSLEGE', 'JVELD1', 'JVENNE', 'JVERL1', 'JVERWA', 'JVINK', 'JVLAMI', 'JVOETS', 'JZAALM', 'KADAMA', 'KARENT', 'KARK', 'KBIRIN', 'KFANSA', 'KHASSA', 'KKASMI', 'KMICHI', 'KMOND1', 'KPEETE', 'KPRINC', 'KRIJCK', 'KROY', 'KTSYEN', 'KVEN', 'KVERRE', 'KVERST', 'KZAREE', 'LBEERD', 'LCAMBR', 'LCOLLI', 'LDREES', 'LGOMPE', 'LJANS1', 'MADAHC', 'MBENII', 'MCHAMM', 'MDIJKS', 'MDURAN', 'MKARAB', 'MMENTZ', 'MMERTE', 'MMONSI', 'MRIEVE', 'MSMEET', 'MZABOT', 'NAERTS', 'NGASSE', 'NNICAS', 'ODEMIR', 'OVOLKA', 'PCABUY', 'PMAES', 'PRUBEN', 'LADAMA', 'LBEYEN', 'LBOECK', 'LGOMBE', 'MSEIGE', 'MVANHE', 'MVERH1', 'NBESAU', 'NBOSMA', 'NHERCK', 'PVERME', 'RSAHIN', 'RVERCA', 'SALBAS', 'SBENS', 'SCORVE', 'SDAEME', 'SDORDE', 'SHIRA2', 'SHONDT', 'SKELE', 'SKHATT', 'SKUTLA', 'SMAAGO', 'SNISI', 'SNUYT1', 'SPOELM', 'SPOPPE', 'SREYME', 'SRIEMI', 'SSCHEF', 'SSMEET', 'SSTREM', 'STHIJ1', 'SYEMEN', 'TCOOLS', 'TCUZZO', 'TEVERS', 'TJENNE', 'TRENIE', 'TSTROE', 'TVOET', 'KDEREY', 'KLUYTE', 'KMACQU', 'LPAUWE', 'LPAUW1', 'LSMEET', 'LVERSW', 'LVREYS', 'MALLAR', 'NHESEL', 'KVANBR', 'NTRUYE', 'CSEVER', 'OMANAI', 'PEVANG', 'PHOUTM', 'PLAET', 'ESPAUL', 'RAKSO', 'RBAPT1', 'RBECK1', 'RBRAN1', 'RBRYS', 'RCIFCI', 'RCLAES', 'RCOOMA', 'RDAVRE', 'RGLINS', 'RJEUR1', 'RMOESE', 'STUCH', 'SVAND3', 'SWOUT1', 'SWOUT2', 'TBELLE', 'TCEULE', 'TDAMEN', 'TDEMIR', 'TRIDWA', 'TSCHEL', 'TVERBR', 'KOZCAN', 'KTHIJ1', 'KVANGE', 'MBOONS', 'MCALTA', 'MCEUS1', 'MDAMOU', 'MDEMIR', 'MEGEMA', 'MGIJBE', 'MHEREM', 'MHEUVE', 'MJAN12', 'MLAKTI', 'PVELDE', 'TWILLE', 'TWOUT1', 'UHERKU', 'UKONAK', 'VCHAR2', 'VCOOLS', 'VILJAZ', 'VLAES', 'VNDOMB', 'VTHANH', 'VVREED', 'WBERGH', 'WGOORM', 'WVERJA', 'WWAUTE', 'WWEYNA', 'WWILLE', 'YAKCA', 'YSAAD', 'YSCHUT', 'YVAN1', 'ZMONAI', 'IMENGE', 'KMAERS', 'AARUJO', 'ABERG', 'AVAND3', 'BBENS1', 'BPEETE', 'BSEMMY', 'CCORVE', 'CVANG1', 'DPAUWE', 'EOZVER', 'ERUEL1', 'EVANHO', 'FMOSCA', 'NLOOY', 'PBASTE', 'PLAEN1', 'PMAES1', 'RVAND3', 'SPEET1', 'TWEYMA', 'TYILD1', 'ZOUSSA', 'YCLAE2', 'HGULHA', 'SGRANA', 'SJANS9', 'CVOLDE', 'ILENAE', 'GEYSER', 'HCLAES', 'NBOLLE', 'MYILDI', 'NALTIN', 'VCEUNE', 'VPEETE', 'CLOOY', 'EYILDI', 'GSANEN', 'DVERAC', 'AFADI', 'AHAUTE', 'ALADOY', 'AVERHE', 'AWYFFE', 'BBENSC', 'BLAFOS', 'BSLEGE', 'DVANMA', 'EHEUVE', 'FALBER', 'FFRICK', 'GCELEP', 'GVANWU', 'HBOLLE', 'HGEMER', 'HPEET1', 'IAERTS', 'ILIEKE', 'JSANDE', 'JVANDO', 'JVERBR', 'KBREMS', 'KDEWIN', 'KHUYSM', 'KKIEKE', 'KTHAE2', 'KWACHT', 'LHEND1', 'LVINGE', 'MBOVE', 'MDAENE', 'MLEMME', 'MREYND', 'MVAN9', 'NDONS', 'NHEYL1', 'NKELE', 'PKENE1', 'RVAND4', 'SGILIS', 'TBREUG', 'VWATER', 'WCRUYS', 'YBAEL', 'DMERT1', 'RPANT', 'SKUMAR', 'RSWAIN', 'SCHITA', 'SPANIG', 'KBOMMA', 'SKAIGA', 'ECLAE1', 'CSCHEL', 'CSMEET', 'CGELEN', 'MJANS5', 'MHOEYL', 'LRAUWS', 'MBAETE', 'SLOUWE', 'ENUFFE', 'JGRAUW', 'JSWIJS', 'NNWOKO', 'MBAUWE', 'FDUR1', 'ERUELE', 'SMEUWE', 'FSWANN', 'HHOOF', 'FFRANS', 'RHEND9', 'DDILLE', 'IWASSI', 'TVANHA', 'GLAENE', 'GBARTE', 'KKENNE', 'CKRAME', 'KRYKER', 'LRUFFA', 'JLEYS', 'KPEUTE', 'EMEULE', 'NPEET2', 'kadama', 'LVANBO', 'CSPOOR', 'AVERS1', 'CWILL2', 'JWIAME', 'SHELSE', 'WGEERO', 'WHEND1', 'WVAND5', 'YAVCI', 'WHEND2', 'JENGEL', 'BTHOEL', 'TBAESS', 'VNGUYE', 'AAYDI2', 'DAYDI1', 'ZBODUR', 'LBOEC1', 'LBOEC2', 'EBOUA', 'ZBOUWE', 'GCAMBR', 'JCAMBR', 'HCESUR', 'LCOENE', 'BDALGI', 'GCEULA', 'HVAN6', 'BACKER', 'DHUYSM', 'MLAKT1', 'NRAVAU', 'POZTUR', 'JNIJS', 'ODEMI1', 'MREYCK', 'MBENAI', 'ACIGCI', 'KBRAND', 'VCALIS', 'BOTTEN', 'MYUKSE', 'MYUKS1', 'RROZE1', 'RGEEL2', 'BSWERT', 'CLIGOR', 'CHEYND', 'DJONKE', 'GBELAR', 'JSPREN', 'MFCHOU', 'BLAURG', 'IAZOUG', 'VOZDEM', 'IDELAF', 'YDELAF', 'EDEMI1', 'AGAMOU', 'VGALLE', 'CGARCI', 'SGEERT', 'BGOOS', 'THOREM', 'CSAPIO', 'MWILLE', 'OODEMI', 'UTOP', 'GBUYEN', 'FBALL3', 'GCEUST', 'MYAHYA', 'TVANHE', 'WDRIJB', 'SLUBEC', 'AABBIU', 'NDAS', 'RGEEL1', 'AKODOU', 'GMARTE', 'KBUCK', 'KMEYNE', 'KROMPA', 'KZYGMU', 'LFERRA', 'LHUYBR', 'LTAELS', 'NGATTO', 'NMECHE', 'NWOUTE', 'OONAL', 'KHENDR', 'RNIJS1', 'KBOECK', 'KPUT', 'AAYDIN', 'EDEMIR', 'MWAMBU', 'SAERTG', 'HAYDI1', 'YBOERS', 'MOOSTV', 'AAKBAS', 'ETIMM1', 'MVANSI', 'SCOLAE', 'FMARI1', 'ISIDER', 'LHAES', 'WVANDE', 'SLYASS', 'KEELEN', 'CTREKE', 'DVERSW', 'GCOCAO', 'MZIANI', 'AYOUSS', 'ASEDDI', 'WSTEUR', 'KVERME', 'CHAESE', 'JCAERT', 'JGEENS', 'KBAUDU', 'SRAMOS', 'TMEYST', 'BBEYEN', 'RRUSSO', 'AYAHYA', 'IADAMO', 'JBOSCH', 'KCUYPE', 'SAERT1', 'SAISSA', 'LAKWEI', 'MAKWEI', 'FANTWI', 'KBANTU', 'BBELCK', 'ELUSSA', 'BMAES', 'LMAES', 'CMAEYN', 'FNGOM', 'KNUYTS', 'YNUYTS', 'NOIZAZ', 'ROKUNE', 'JPEETE', 'AARZU', 'BBEKOV', 'CUSAME', 'CSERN1', 'GHEYL1', 'LCOLOG', 'PGEMER', 'SNUYEN', 'SBLOEM', 'GKANLI', 'JKERSE', 'MCHEBK', 'JEYNDE', 'RAUWER', 'LZEGVE', 'SBAKHT', 'EBOLAT', 'IHOOGT', 'LVANDE', 'BVERAC', 'RZAMUD', 'LBIERI', 'JSTROO', 'EJACOB', 'BKAGWE', 'EKALEN', 'MOKSUZ', 'ACUMPS', 'TSANEN', 'LMALL1', 'CVANDY', 'NSTERC', 'JPAULU', 'KFRANS', 'VQUARE', 'LCLOOT', 'bsemcz', 'BSEMCZ', 'PBOECK', 'AELABD', 'MNADJI', 'GABT', 'MMBALA', 'NBULCK', 'ALEYS', 'ESAFRA', 'MTURKM', 'ANIEUW', 'NBELHA', 'ATAWAN', 'RREUSE', 'CADELA', 'BAKBUL', 'WDANKE', 'SGLASS', 'BHENDR', 'LHUFKE', 'MLAM1', 'JLEMM2', 'RMARIE', 'MMICH1', 'AMOSCA', 'ROZKAN', 'KPLACI', 'ESPRUY', 'KSCHOO', 'MHELSE', 'LHEYNS', 'THOMAW', 'CDREEF', 'MSANLI', 'MSEKER', 'ASOZER', 'TSTERC', 'RSTUYC', 'BTRAN', 'JTUYIS', 'AVANLO', 'SWAUTE', 'AWUYTS', 'MYOLCU', 'EPIRS', 'EROELS', 'SDEURE', 'ESTEUR', 'KASARA', 'MCUYLA', 'MAYARI', 'SAKTAY', 'BDEGEY', 'TVAN13', 'MGEYSK', 'NLAGRA', 'GOMER', 'JLAMB4', 'LHAEGD', 'WMEES', 'SBRANC', 'LGIJBE', 'YHOURA', 'RMAES', 'HSWINN', 'CVANHO', 'AVERSC', 'YWIJNS', 'ABOUFR', 'KCORN2', 'AHEYLE', 'YINFEL', 'VJANSE', 'IJANSS', 'AJOORI', 'UKAYA', 'JKENDI', 'SLAUWE', 'ELIEKE', 'JMOONS', 'SMUYLL', 'SPEETE', 'TSAFRA', 'KTUREL', 'CTURKM', 'JBROEC', 'LDOREN', 'SLAERE', 'POLMEN', 'NVERST', 'MWAMB1', 'CWALL2', 'YBORGE', 'DHOEKX', 'FESCOB', 'HLAGEN', 'IJORDE', 'SCETIN', 'IAKAR', 'LBEKKE', 'LAERTS', 'SGEUKE', 'TGEUKE', 'VJANS1', 'DBLOCK', 'JLINDE', 'LVANNU', 'JWIELA', 'RAKBUL', 'NBENAL', 'AJANS2', 'WJONGE', 'RKLEPP', 'VLEYSE', 'JMAES4', 'HVEREY', 'CRAHIE', 'IFRIMP', 'JVIS', 'MKLAPH', 'NSCHEE', 'PBERVO', 'SYS_NHENSM', 'WMWAVERESET', 'GCHARO', 'MLOE', 'NMERT2', 'RJESPE', 'JPREAU', 'LHENCK', 'SMETIN', 'TBATSE', 'JGORP', 'MGORRE', 'DCALST', 'MBAL', 'PMANDA', 'STIMM6', 'TBIE', 'CMIELT', 'FGUTIE', 'HLAET', 'JMAEYN', 'MBAIRI', 'NZOONS', 'MLOEND', 'DTHIJS', 'MKAMAR', 'PREP7', 'PREP8', 'WMSCHEDUSER', 'WMAUTOWAVE', 'SYS_ABERGH', 'SELKHA', 'TLODEW', 'MHOLTA', 'SOTS', 'SOOSTE', 'MVALGA', 'KJANS1', 'ASIMON', 'EWILLE')",
          "query": "select distinct task_genrtn_ref_nbr  from NIKEWM1064ER.task_hdr  where stat_code not in ('90','99') and Task_Desc IN ('INT 51 DISCRETE PICK MODULE','INT 51 TOTE ZONE 47 48 49 CHASE','INT 2 Carton No VAS') and user_id IN ('KLAENE', 'SCAUWE', 'MBEECK', 'VMEUS', 'PBUKEN', 'WVANGA', 'TCALLE', 'HWITH', 'SREUSE', 'SCEULA', 'HPATLA', 'CVEREL', 'CAELST', 'KLEYS', 'SYS_CPUNIE', 'SYS_HVANIE', 'SYS_LVAND8', 'AHARTS', 'AVOERM', 'CREYN1', 'JYARAM', 'LRUYSS', 'AWOUTE', 'CFONTE', 'DHOREM', 'MLINGE', 'SYS_JKERSE', 'WMSLOTUSER', 'BVOOGT', 'RSARI', 'SELBEZ', 'SHALAW', 'AQUIRY', 'NWASS2', 'OGUZEL', 'SBARKA', 'LLEEMA', 'BBEVER', 'BPHILI', 'EZENUL', 'ASENGU', 'DNOBLE', 'KWAGEM', 'WRUDDE', 'AMACHI', 'AGRAEF', 'DLEMME', 'ASMITS', 'CENGEL', 'HMENIG', 'MMOONS', 'SLEUVE', 'YVEL', 'JVERR1', 'PQUARE', 'SOZTUR', 'LPELG1', 'SKWANT', 'ECHABA', 'SPEET6', 'SBOEC2', 'AKOUTA', 'CVANH1', 'GPFAFF', 'HERYIG', 'JHARNE', 'RMOLS', 'KGOETH', 'ASEVER', 'EMEYER', 'JOOMS', 'JWITH', 'LHENDR', 'TGIJSE', 'YCHAHC', 'HDURUK', 'IKERTO', 'JLETUR', 'ABADAL', 'VPROOS', 'JCRAEC', 'JONRAE', 'JVANDE', 'NWILLE', 'TGELDE', 'TJANS1', 'LWINDT', 'LCOCHE', 'MRAYMA', 'DDESAL', 'JBEC11', 'JVANOE', 'NPAD', 'SLOYEN', 'LHEYLE', 'JLEMME', 'KGORP', 'GCLOES', 'SYS_GAVCI', 'AOUZAH', 'DKARA1', 'GJEACQ', 'CR6055', 'JTRIER', 'WWYNA1', 'JGEERT', 'MLAUWA', 'MPEETE', 'MYUKLE', 'MFAYEK', 'LVANH1', 'SJANSS', 'VHEYLE', 'MCORN1', 'HENGEL', 'WVAND4', 'DMOONS', 'JBRANS', 'DCARM2', 'ADOCHE', 'NLOUWE', 'KROUCO', 'CJANSS', 'HMAES', 'NMELLE', 'GBOYZO', 'KSOOLS', 'AVAN18', 'DGEUE1', 'KVRANK', 'BN4135', 'RLOY', 'JJOOST', 'RO8787', 'CLUYTS', 'GSMEDT', 'SP2123', 'HBYLEM', 'TSTEVE', 'BWYNS', 'WVERBR', 'JROOFT', 'MTAEYM', 'LS3490', 'DOTTO1', 'FEXELM', 'GVANHE', 'IASCH', 'JBRANC', 'LGEUEN', 'MMACHI', 'SCAST1', 'CHEYLE', 'RGORIS', 'FBAETE', 'SKRIEC', 'JBRONC', 'ABERLA', 'GDAAL', 'ECARRI', 'JWAGEM', 'CBROU1', 'GTHEYS', 'KOBBER', 'TSTUYC', 'MDIJCK', 'MHOEYK', 'MVONCK', 'SLAURI', 'MMACDO', 'MTRUA1', 'FBROEC', 'JMCIN4', 'KDHAKA', 'SKANAG', 'AYILDI', 'ATURAN', 'DVERBR', 'FSECGI', 'RGROND', 'JLENS1', 'ACLONE', 'BBACKE', 'BSMET1', 'SBOUW2', 'NKORTL', 'KTORB1', 'FMONAR', 'ACAMP', 'EIBISI', 'JCOLLA', 'JVANL1', 'LGAETE', 'NSCHAT', 'CDAELM', 'DVOS', 'EHUNCK', 'GHEUCK', 'JCELIS', 'KKIND', 'MWILL1', 'NMORAL', 'PWELLE', 'GLUFFI', 'MLUXEM', 'MCLAUW', 'SOPSTA', 'BDELAE', 'JNOYEN1', 'TSCHE6', 'MJAC39', 'CSTES1', 'BVRANC', 'AMAES1', 'HSUKUN', 'CNEVEL', 'CJACO8', 'JVAN53', 'JVAN67', 'KENGE1', 'MKERKH', 'MBROE1', 'RMARI2', 'ROPRIN', 'SMEVES', 'YMARI1', 'SPEET4', 'TJANS4', 'SHAESE', 'BGOMBE', 'RHANSS', 'TDESIR', 'TVANSC', 'WTHEUN', 'DVAN24', 'RHAR21', 'LBELLE', 'SVANH4', 'DN0773', 'SN0376', 'GD6842', 'AG3552', 'AG7119', 'AH0369', 'MH3841', 'LH3520', 'EJ0178', 'IJ0005', 'BL3343', 'AGIESE', 'YGEERA', 'SPEET5', 'AVANL1', 'KVERS1', 'JMATHE', 'YBAATE', 'EBOLT', 'LWINDR', 'JNYIRA', 'BTHEUN', 'BMORRH', 'THOEDE', 'PSMOLD', 'CJANS3', 'JVAN62', 'ABALGA', 'BMAST1', 'GSCHR1', 'CWACH1', 'KCAUWB', 'MMVILA', 'MREYN2', 'DOLMEN', 'KVERH2', 'TMAES1', 'AFIKRI', 'CRIZZI', 'DBOLL1', 'FBACKX', 'KAERDE', 'CDEWAC', 'CL3728', 'PS9881', 'ML3183', 'VT1684', 'AU3553', 'DV9885', 'CE0929', 'WG3515', 'SJ1544', 'WV0211', 'MBIET1', 'KSTESS', 'JKEND1', 'ZAKARO', 'KHOSKE', 'LBOEC3', 'LC3786', 'WOCRAN', 'ZVANWE', 'MLUYTE', 'SSANTE', 'JCAMPS', 'MD0956', 'JDESME', 'KMEURI', 'BCORT1', 'BD3266', 'RD1975', 'YD6103', 'EF3109', 'LG5344', 'SV2019', 'BV3723', 'SV7822', 'SV1591', 'WV3347', 'SV0295', 'PV1147', 'TV5167', 'JV0450', 'JV3565', 'AV3980', 'VV6861', 'BV3545', 'BV8704', 'MV8365', 'SC4196', 'CV0514', 'DKURAL', 'HGOKTA', 'ELAUW2', 'MDERUT', 'NVERBR', 'SJANS1', 'DSTERC', 'KFONT2', 'YPHILT', 'JDIERC', 'JSMEE1', 'EPERCH', 'DLEEME', 'MBECKE', 'MOPSTA', 'YVANDA', 'EBOGA1', 'ASCHA9', 'GBOSE', 'NCAMMA', 'PCASAL', 'RREEVE', 'SMCCL9', 'TJEANL', 'LOULDH', 'BMARTE', 'MJANS4', 'LBEENE', 'FWITTE', 'CEEDT', 'ASINER', 'KVANBI', 'NVERB2', 'KPEET1', 'VVLOEB', 'RBRUYN', 'SCLAE4', 'EACHT1', 'MVANL6', 'TDEJAG', 'LLEMME', 'BBOGAE', 'WDELIE', 'MM6898', 'TC2998', 'CN0245', 'JC3719', 'JN5771', 'SD3554', 'LD0896', 'SGULHA', 'AD4749', 'MG0003', 'GG3479', 'CH0286', 'EH2512', 'KLUYT2', 'VH9809', 'JR0963', 'SS7983', 'HS7070', 'SGOELE', 'SV6499', 'WJAMES', 'FDEEKM', 'GFERR1', 'HNAULA', 'SADRI1', 'FMANUE', 'JSOBKO', 'CSILVA', 'JNYS1', 'RCUYX', 'GANTHE', 'SSTRIC', 'EJACO1', 'GAKEND', 'JPINAS', 'HPOESM', 'AGHOOS', 'GLAMBA', 'SVAND9', 'WBIJLE', 'KMASSO', 'SPELSM', 'LOOMS', 'RBOESM', 'XKEMPS', 'SCORNE', 'JAFIFI', 'AGOOD2', 'BNOBEL', 'EHEYLE', 'HENGE2', 'RBOLDE', 'AHEIVE', 'TWILL2', 'DSO2', 'SEURIS', 'DVANOL', 'LHEYN2', 'RCRUYS', 'TPAYLA', 'ACHTIO', 'BSTYNE', 'FVONCK', 'HGAINI', 'JDUART', 'MHRAMC', 'DTSYEN', 'JPIANA', 'MMANIS', 'YNGWET', 'PHOLLA', 'DBUYS', 'JDANEE', 'MPEET5', 'NMERT1', 'SBORTE', 'YMAALE', 'FARAS', 'NNAHOO', 'KWENS', 'NETTIE', 'PDIER2', 'TGIESB', 'CHERCK', 'FAERTS', 'KVANKR', 'PGOETE', 'IYILDI', 'JCLAE8', 'SJANS6', 'SPOESE', 'TWEYE2', 'AZAJGU', 'EBREMS', 'PPELGR', 'MMICHI', 'SLEYSE', 'WVANGE', 'DEELEN', 'IMAKRI', 'MMOER1', 'SBRUYN', 'JLOOY', 'JVERAG', 'FNETO', 'JPELGR', 'TVERAC', 'KWUYTA', 'LBOUMA', 'ROST', 'MBUYSE', 'GKOCK', 'PVANDE', 'GGOOLA', 'NWILL1', 'SAHDOU', 'EFAES', 'IVERDO', 'RSLIJN', 'SVLIER', 'WGEENS', 'HCHATI', 'KSALAE', 'OHAMDA', 'PSCHEP', 'KSCHIL', 'SLACHI', 'DWEEKE', 'ESTEYL', 'JSMET', 'AINDES', 'KJANE', 'AGIEL1', 'AURBAN', 'LCROON', 'PPOORT', 'SRAJA1', 'TBASEL', 'SGEER2', 'SBOECK', 'BBROE1', 'PVERFA', 'BLEEMP', 'KLAUWE', 'LBOEC6', 'MTAHIR', 'ESALI1', 'MREYN3', 'RLAGRI', 'JVERB2', 'KNYS', 'KPEET8', 'LJANS4', 'PESCOB', 'SHEND2', 'FHENDR', 'MTAHA', 'JLAM', 'LKARKA', 'SYERR1', 'CHOVEN', 'CPUNIE', 'MGELEN', 'NCOSAR', 'KKEPPE', 'GMEYN1', 'TCANNA', 'WVERLI', 'TDEPEU', 'JKLIN2', 'PBONTH', 'KBAMP1', 'JLAMB2', 'DVEEKM', 'SNOENI', 'AGJOKA', 'KVANPE', 'APOESM', 'RMOON1', 'YPOESM', 'AAKOWU', 'MKOSE2', 'SA1727', 'HA5855', 'AB4608', 'HC7659', 'LC6665', 'WD3408', 'JP3425', 'PP9383', 'AS3182', 'BV0795', 'BAKOWU', 'MBOSSE', 'MKOSE1', 'YFOSTE', 'SHOOF', 'WBROEK', 'KHILLE', 'KPOLAM', 'KKODA1', 'LVENK1', 'NPARIA', 'NNAREN', 'SYS_BWIJN1', 'OKARET', 'PGOVI4', 'PSIBB1', 'RROSHA', 'RAGAR1', 'SPIDAM', 'SPARI3', 'SDUGAL', 'SBISW7', 'SBAJPA', 'TAHMA1', 'SYS_BJANNE', 'SYS_BTHIJS', 'SYS_JSOBKO', 'SYS_LOULDH', 'SYS_MVAN17', 'SYS_MBRUYN', 'SYS_RLOY', 'SYS_SNAND5', 'TBAYLA', 'ELAGEN', 'JSTEEN', 'VVAND6', 'JMARTI', 'SWEYE1', 'YGRAUW', 'HVILVA', 'EHAXHI', 'MBOGE1', 'LVANG5', 'JCONIN', 'SBORAL', 'SVREY2', 'RVANHO', 'AKROUW', 'AAKSOY', 'MBOGE', 'AV2044', 'SMARYN', 'RREDD4', 'KW2910', 'RV3722', 'IBIESM', 'ECOOL1', 'SYS_JDEVAD', 'ADUMOU', 'KWYNS', 'LSCHOB', 'EVANSA', 'SAKUL2', 'ASEKH1', 'SDE8', 'JTHIPP', 'JMAND4', 'JEMMAN', 'AEYND1', 'SMOUSA', 'HELGAZ', 'NELGAZ', 'GVANE1', 'AOUZA1', 'DBUYND', 'BNAGEL', 'GROSIE', 'JTHIJ1', 'MDILLE', 'RHUYS2', 'WOPSTA', 'VTHEIV', 'LB3097', 'EL1912', 'PGIRI2', 'AW9457', 'YJ6243', 'JY6243', 'KSCHE2', 'ARaju2', 'ACHOU6', 'AELANG', 'ABISW3', 'ADAS17', 'ASAMA3', 'BGRACE', 'BREKH1', 'BDE4', 'DNAND2', 'DKARU1', 'SGOKHI', 'JTHO78', 'KJAYAW', 'KRAJA', 'MVELUS', 'MDAS2', 'AEHSAN', 'MBHUIY', 'NGUHAM', 'NSUPR1', 'OCHAUD', 'PSUJIT', 'PSHAW3', 'PPAND8', 'RPAND8', 'RRAI2', 'RSEN5', 'RRAM17', 'RSHAW7', 'SADHI2', 'SMRID1', 'SSHA41', 'SBOSE1', 'SROY12', 'SDAS30', 'TCHA30', 'SYANAD', 'NMOH11', 'ACHA43', 'AMAJI', 'SNAND51', 'SMOHA9', 'SSELV7', 'CVC', 'SDAS32', 'ABANE9', 'TESTER1', 'MIRFAN', 'RRED23', 'PJOSSY', 'RCHOU2', 'SKHAL3', 'SMILN5', 'ARAJU2', 'ASARAV', 'ABHUIY', 'ASIN54', 'ADAS20', 'JBAND3', 'JKUND1', 'SSAYED', 'SNAIR9', 'SPRA13', 'SBHAN2', 'TGHOS2', 'TSRABA', 'VKUM32', 'VMANI1', 'VCHEL1', 'VHIREM', 'VRAMAK', 'VDUBE3', 'CPOLLO', 'SMANT3', 'UKUMA4', 'NGANG1', 'BPENDY', 'JDEVA2')"
        }
      ]
    },
    {
      "id": "5",
      "name": "DOid4",
      "description": "Get the list of DO id's",
      "queries": [
        {
          "query": "select tc_order_id from NIKEWM1064ER.orders where created_source in ('MSWAEL', 'KKERCK', 'JOEYE1', 'KVERBI', 'GHEYLE', 'FCOP', 'DSAEDE', 'DMACRI', 'SSMOLD', 'SBRAND', 'system', 'WMADMIN', 'LMADMIN', 'SNEUTJ', 'YBOSMA', 'AAYDI1', 'ACASTE', 'ImportUser', 'AGEURT', 'AGEVER', 'AGOOSE', 'BTEMME', 'BWALBE', 'CCEULE', 'CCUYVE', 'CRAYMA', 'CPEET3', 'CSTEUR', 'CSTEYA', 'CVERVO', 'CWILLE', 'DAERTS', 'MYUNU1', 'MELKIL', 'DESAJA', 'DFONTA', 'DKASAP', 'WMChaseUser', 'DKERPE', 'SBROWN', 'EAKSOY', 'LMARCE', 'SMADRI', 'RVANGR', 'JBERT1', 'DDESAD', 'BDESSE', 'RMEEUW', 'ABAJRA', 'NZIVAN', 'TEMP-CSET', 'TEMP-GATE', 'FBAYR1', 'FDAEMS', 'FGOKBA', 'CLENAE', 'GBELEN', 'GKOCAO', 'GVANH2', 'HAKCAY', 'HAKGOZ', 'HSANNE', 'IBOSMA', 'IDEMIR', 'IGENEC', 'IMENSC', 'INUYTS', 'IVANDE', 'IVANEL', 'JBOONS', 'JBOSSC', 'JDEWOL', 'JHASS', 'JHOOYB', 'JJENNE', 'JKERRE', 'JMACIN', 'JPANKA', 'JPHILI', 'MDAEM1', 'JSABBE', 'JSMOLD', 'JOLAER', 'ASMETS', 'SDIJCK', 'MBRUYN', 'BWIJN1', 'BJANNE', 'SNAND5', 'AROEY', 'HVERH1', 'LVAND8', 'GRAEYM', 'JM3997', 'DKOEVE', 'NDAS1', 'CBASAV', 'KABHIS', 'PBHANS', 'DSUVAR', 'KM3533', 'JM3717', 'MHESSE', 'TEMP-TRAN1', 'TEMP-TRAN2', 'BKITTU', 'HM3199', 'DM3326', 'RKANNA', 'PSMET', 'IOZGUR', 'THAERE', 'KEMMER', 'NVERBO', 'NPEET1', 'VVERBI', 'SFRANS', 'WPEETE', 'DVOETS', 'EBLOCK', 'MHEUSER', 'SB3544', 'LVERHE', 'JDEVAD', 'TPHIL7', 'BVAN10', 'SEERLI', 'MMOL1', 'BTHIJS', 'SVAND7', 'RAGUI4', 'AMURAT', 'LHUYS', 'MMORAN', 'RRAATG', 'AHULSM', 'NSOMER', 'ABERGH', 'MCAMS', 'EVERRE', 'GVERSC', 'PVERST', 'MWON14', 'JWOUT1', 'TDRIES', 'AMERCK', 'MPEET3', 'YSCHOO', 'YSCHU2', 'MSMITS', 'TVERDO', 'INVSYNC', 'FWELLE', 'MMIERL', 'KHAJEK', 'KEYCKM', 'CMAGIS', 'EBOONS', 'DPEETE', 'BSLEEG', 'MVAN17', 'TPEET2', 'MWEUST', 'MMENTE', 'TEMP-OPS2', 'TEMP-SOXOPS', 'TEMP-DISTPL', 'TEMP-WMSUP', 'TEMP-MANH', 'TEMP-LOADPL', 'TEMP-CUST', 'PREP1', 'PREP2', 'PREP3', 'PREP4', 'PREP5', 'PREP6', 'KMOUSS', 'RBENS', 'PBEST', 'SBODAE', 'ABOUWE', 'MVANLO', 'AMOLS', 'JBOOGE', 'ACAERS', 'PKURRE', 'BBAERT', 'SJANS', 'LLAARH', 'AFARES', 'AGEERT', 'AHAJI', 'AISSAM', 'ALAKTI', 'ALETKI', 'AOEYE1', 'APEETE', 'APINAS', 'HPAUWE', 'TEMP-INBPL', 'JSUCKE', 'SRITS', 'TEMP-PREP', 'TEMP-INV1', 'TEMP-INV2', 'TEMP-INV3', 'SLAMME', 'NPOETS', 'NBROND', 'KMANGE', 'EVANUF', 'RSIMO4', 'CBROEC', 'RNEYEN', 'HSCHRO', 'GBRUC2', 'GBUKEN', 'MCAMPF', 'GCHAMA', 'JEYKMA', 'SHAAZE', 'MMAES', 'DMERTE', 'ENIJS', 'FJEGER', 'ESAELE', 'FSMIT', 'SSTERC', 'SVANEL', 'AVANDE', 'EVANDU', 'AVANSA', 'SVERHE', 'ABOECK', 'ACOPPE', 'ACUYPE', 'ARENDE', 'ASANT', 'ASUNKU', 'AVAND4', 'AVANME', 'BBELMA', 'BBERRE', 'BCANNA', 'BILKSO', 'BJONCK', 'BKEIJZ', 'BKONIN', 'BLAVRI', 'BLOOY', 'BPEET3', 'BROOY', 'BSTERC', 'BYILDI', 'BYILD1', 'CBRUYN', 'CMOONS', 'CNEYS', 'CREYME', 'CSTEYN', 'CVAND2', 'CWIL47', 'DGEVER', 'DILIAE', 'DKENNI', 'DPELGR', 'DRUELE', 'DSZULZ', 'DTHEYS', 'DVOLDE', 'EADABO', 'EBERHE', 'EBOERB', 'EBURAK', 'TEMP-HLPDSK', 'TEMP-OPS1', 'TEMP-GWMS', 'EEMIZI', 'EJANSS', 'EKAHRA', 'EKAPLA', 'ELEYSE', 'ESTEEN', 'ETAEYM', 'EVERHA', 'EVOLDE', 'FOZTUR', 'GBAX', 'GNYS', 'GVASTM', 'GVLEUG', 'GWINKL', 'HGULI1', 'HMOUSS', 'HTRUYE', 'ICADIR', 'EEYKMA', 'EHAKYE', 'EHEMEL', 'IKELDE', 'ILOEY', 'IPLU', 'IVISSE', 'JAERT1', 'JBREMS', 'JBUNTI', 'JCEUST', 'JCLAE3', 'JDANIE', 'JDEWIL', 'JDONIN', 'JENGE1', 'JHENDR', 'JHEYLE', 'JHOOYD', 'JHUYSM', 'JLANGE', 'JLUYPA', 'JMERTE', 'SYS_BLEBLE', 'SYS_JOLAER', 'SYS_ASMETS', 'SYS_MSWAEL', 'SYS_JDEROM', 'SWOUT4', 'GDRUYT', 'HHOUTM', 'JLEYSS', 'JVAN76', 'UTOLE2', 'FBERIN', 'CWITTE', 'NTIMME', 'BBENS7', 'ETUBBE', 'YOZTUR', 'CPUNI1', 'IPEETE', 'JDEVOS', 'NVERHU', 'RVLOEB', 'JSTORM', 'SMATTH', 'NVORSE', 'JMOON3', 'YKERKH', 'JROOSE', 'JSLEGE', 'JVELD1', 'JVENNE', 'JVERL1', 'JVERWA', 'JVINK', 'JVLAMI', 'JVOETS', 'JZAALM', 'KADAMA', 'KARENT', 'KARK', 'KBIRIN', 'KFANSA', 'KHASSA', 'KKASMI', 'KMICHI', 'KMOND1', 'KPEETE', 'KPRINC', 'KRIJCK', 'KROY', 'KTSYEN', 'KVEN', 'KVERRE', 'KVERST', 'KZAREE', 'LBEERD', 'LCAMBR', 'LCOLLI', 'LDREES', 'LGOMPE', 'LJANS1', 'MADAHC', 'MBENII', 'MCHAMM', 'MDIJKS', 'MDURAN', 'MKARAB', 'MMENTZ', 'MMERTE', 'MMONSI', 'MRIEVE', 'MSMEET', 'MZABOT', 'NAERTS', 'NGASSE', 'NNICAS', 'ODEMIR', 'OVOLKA', 'PCABUY', 'PMAES', 'PRUBEN', 'LADAMA', 'LBEYEN', 'LBOECK', 'LGOMBE', 'MSEIGE', 'MVANHE', 'MVERH1', 'NBESAU', 'NBOSMA', 'NHERCK', 'PVERME', 'RSAHIN', 'RVERCA', 'SALBAS', 'SBENS', 'SCORVE', 'SDAEME', 'SDORDE', 'SHIRA2', 'SHONDT', 'SKELE', 'SKHATT', 'SKUTLA', 'SMAAGO', 'SNISI', 'SNUYT1', 'SPOELM', 'SPOPPE', 'SREYME', 'SRIEMI', 'SSCHEF', 'SSMEET', 'SSTREM', 'STHIJ1', 'SYEMEN', 'TCOOLS', 'TCUZZO', 'TEVERS', 'TJENNE', 'TRENIE', 'TSTROE', 'TVOET', 'KDEREY', 'KLUYTE', 'KMACQU', 'LPAUWE', 'LPAUW1', 'LSMEET', 'LVERSW', 'LVREYS', 'MALLAR', 'NHESEL', 'KVANBR', 'NTRUYE', 'CSEVER', 'OMANAI', 'PEVANG', 'PHOUTM', 'PLAET', 'ESPAUL', 'RAKSO', 'RBAPT1', 'RBECK1', 'RBRAN1', 'RBRYS', 'RCIFCI', 'RCLAES', 'RCOOMA', 'RDAVRE', 'RGLINS', 'RJEUR1', 'RMOESE', 'STUCH', 'SVAND3', 'SWOUT1', 'SWOUT2', 'TBELLE', 'TCEULE', 'TDAMEN', 'TDEMIR', 'TRIDWA', 'TSCHEL', 'TVERBR', 'KOZCAN', 'KTHIJ1', 'KVANGE', 'MBOONS', 'MCALTA', 'MCEUS1', 'MDAMOU', 'MDEMIR', 'MEGEMA', 'MGIJBE', 'MHEREM', 'MHEUVE', 'MJAN12', 'MLAKTI', 'PVELDE', 'TWILLE', 'TWOUT1', 'UHERKU', 'UKONAK', 'VCHAR2', 'VCOOLS', 'VILJAZ', 'VLAES', 'VNDOMB', 'VTHANH', 'VVREED', 'WBERGH', 'WGOORM', 'WVERJA', 'WWAUTE', 'WWEYNA', 'WWILLE', 'YAKCA', 'YSAAD', 'YSCHUT', 'YVAN1', 'ZMONAI', 'IMENGE', 'KMAERS', 'AARUJO', 'ABERG', 'AVAND3', 'BBENS1', 'BPEETE', 'BSEMMY', 'CCORVE', 'CVANG1', 'DPAUWE', 'EOZVER', 'ERUEL1', 'EVANHO', 'FMOSCA', 'NLOOY', 'PBASTE', 'PLAEN1', 'PMAES1', 'RVAND3', 'SPEET1', 'TWEYMA', 'TYILD1', 'ZOUSSA', 'YCLAE2', 'HGULHA', 'SGRANA', 'SJANS9', 'CVOLDE', 'ILENAE', 'GEYSER', 'HCLAES', 'NBOLLE', 'MYILDI', 'NALTIN', 'VCEUNE', 'VPEETE', 'CLOOY', 'EYILDI', 'GSANEN', 'DVERAC', 'AFADI', 'AHAUTE', 'ALADOY', 'AVERHE', 'AWYFFE', 'BBENSC', 'BLAFOS', 'BSLEGE', 'DVANMA', 'EHEUVE', 'FALBER', 'FFRICK', 'GCELEP', 'GVANWU', 'HBOLLE', 'HGEMER', 'HPEET1', 'IAERTS', 'ILIEKE', 'JSANDE', 'JVANDO', 'JVERBR', 'KBREMS', 'KDEWIN', 'KHUYSM', 'KKIEKE', 'KTHAE2', 'KWACHT', 'LHEND1', 'LVINGE', 'MBOVE', 'MDAENE', 'MLEMME', 'MREYND', 'MVAN9', 'NDONS', 'NHEYL1', 'NKELE', 'PKENE1', 'RVAND4', 'SGILIS', 'TBREUG', 'VWATER', 'WCRUYS', 'YBAEL', 'DMERT1', 'RPANT', 'SKUMAR', 'RSWAIN', 'SCHITA', 'SPANIG', 'KBOMMA', 'SKAIGA', 'ECLAE1', 'CSCHEL', 'CSMEET', 'CGELEN', 'MJANS5', 'MHOEYL', 'LRAUWS', 'MBAETE', 'SLOUWE', 'ENUFFE', 'JGRAUW', 'JSWIJS', 'NNWOKO', 'MBAUWE', 'FDUR1', 'ERUELE', 'SMEUWE', 'FSWANN', 'HHOOF', 'FFRANS', 'RHEND9', 'DDILLE', 'IWASSI', 'TVANHA', 'GLAENE', 'GBARTE', 'KKENNE', 'CKRAME', 'KRYKER', 'LRUFFA', 'JLEYS', 'KPEUTE', 'EMEULE', 'NPEET2', 'kadama', 'LVANBO', 'CSPOOR', 'AVERS1', 'CWILL2', 'JWIAME', 'SHELSE', 'WGEERO', 'WHEND1', 'WVAND5', 'YAVCI', 'WHEND2', 'JENGEL', 'BTHOEL', 'TBAESS', 'VNGUYE', 'AAYDI2', 'DAYDI1', 'ZBODUR', 'LBOEC1', 'LBOEC2', 'EBOUA', 'ZBOUWE', 'GCAMBR', 'JCAMBR', 'HCESUR', 'LCOENE', 'BDALGI', 'GCEULA', 'HVAN6', 'BACKER', 'DHUYSM', 'MLAKT1', 'NRAVAU', 'POZTUR', 'JNIJS', 'ODEMI1', 'MREYCK', 'MBENAI', 'ACIGCI', 'KBRAND', 'VCALIS', 'BOTTEN', 'MYUKSE', 'MYUKS1', 'RROZE1', 'RGEEL2', 'BSWERT', 'CLIGOR', 'CHEYND', 'DJONKE', 'GBELAR', 'JSPREN', 'MFCHOU', 'BLAURG', 'IAZOUG', 'VOZDEM', 'IDELAF', 'YDELAF', 'EDEMI1', 'AGAMOU', 'VGALLE', 'CGARCI', 'SGEERT', 'BGOOS', 'THOREM', 'CSAPIO', 'MWILLE', 'OODEMI', 'UTOP', 'GBUYEN', 'FBALL3', 'GCEUST', 'MYAHYA', 'TVANHE', 'WDRIJB', 'SLUBEC', 'AABBIU', 'NDAS', 'RGEEL1', 'AKODOU', 'GMARTE', 'KBUCK', 'KMEYNE', 'KROMPA', 'KZYGMU', 'LFERRA', 'LHUYBR', 'LTAELS', 'NGATTO', 'NMECHE', 'NWOUTE', 'OONAL', 'KHENDR', 'RNIJS1', 'KBOECK', 'KPUT', 'AAYDIN', 'EDEMIR', 'MWAMBU', 'SAERTG', 'HAYDI1', 'YBOERS', 'MOOSTV', 'AAKBAS', 'ETIMM1', 'MVANSI', 'SCOLAE', 'FMARI1', 'ISIDER', 'LHAES', 'WVANDE', 'SLYASS', 'KEELEN', 'CTREKE', 'DVERSW', 'GCOCAO', 'MZIANI', 'AYOUSS', 'ASEDDI', 'WSTEUR', 'KVERME', 'CHAESE', 'JCAERT', 'JGEENS', 'KBAUDU', 'SRAMOS', 'TMEYST', 'BBEYEN', 'RRUSSO', 'AYAHYA', 'IADAMO', 'JBOSCH', 'KCUYPE', 'SAERT1', 'SAISSA', 'LAKWEI', 'MAKWEI', 'FANTWI', 'KBANTU', 'BBELCK', 'ELUSSA', 'BMAES', 'LMAES', 'CMAEYN', 'FNGOM', 'KNUYTS', 'YNUYTS', 'NOIZAZ', 'ROKUNE', 'JPEETE', 'AARZU', 'BBEKOV', 'CUSAME', 'CSERN1', 'GHEYL1', 'LCOLOG', 'PGEMER', 'SNUYEN', 'SBLOEM', 'GKANLI', 'JKERSE', 'MCHEBK', 'JEYNDE', 'RAUWER', 'LZEGVE', 'SBAKHT', 'EBOLAT', 'IHOOGT', 'LVANDE', 'BVERAC', 'RZAMUD', 'LBIERI', 'JSTROO', 'EJACOB', 'BKAGWE', 'EKALEN', 'MOKSUZ', 'ACUMPS', 'TSANEN', 'LMALL1', 'CVANDY', 'NSTERC', 'JPAULU', 'KFRANS', 'VQUARE', 'LCLOOT', 'bsemcz', 'BSEMCZ', 'PBOECK', 'AELABD', 'MNADJI', 'GABT', 'MMBALA', 'NBULCK', 'ALEYS', 'ESAFRA', 'MTURKM', 'ANIEUW', 'NBELHA', 'ATAWAN', 'RREUSE', 'CADELA', 'BAKBUL', 'WDANKE', 'SGLASS', 'BHENDR', 'LHUFKE', 'MLAM1', 'JLEMM2', 'RMARIE', 'MMICH1', 'AMOSCA', 'ROZKAN', 'KPLACI', 'ESPRUY', 'KSCHOO', 'MHELSE', 'LHEYNS', 'THOMAW', 'CDREEF', 'MSANLI', 'MSEKER', 'ASOZER', 'TSTERC', 'RSTUYC', 'BTRAN', 'JTUYIS', 'AVANLO', 'SWAUTE', 'AWUYTS', 'MYOLCU', 'EPIRS', 'EROELS', 'SDEURE', 'ESTEUR', 'KASARA', 'MCUYLA', 'MAYARI', 'SAKTAY', 'BDEGEY', 'TVAN13', 'MGEYSK', 'NLAGRA', 'GOMER', 'JLAMB4', 'LHAEGD', 'WMEES', 'SBRANC', 'LGIJBE', 'YHOURA', 'RMAES', 'HSWINN', 'CVANHO', 'AVERSC', 'YWIJNS', 'ABOUFR', 'KCORN2', 'AHEYLE', 'YINFEL', 'VJANSE', 'IJANSS', 'AJOORI', 'UKAYA', 'JKENDI', 'SLAUWE', 'ELIEKE', 'JMOONS', 'SMUYLL', 'SPEETE', 'TSAFRA', 'KTUREL', 'CTURKM', 'JBROEC', 'LDOREN', 'SLAERE', 'POLMEN', 'NVERST', 'MWAMB1', 'CWALL2', 'YBORGE', 'DHOEKX', 'FESCOB', 'HLAGEN', 'IJORDE', 'SCETIN', 'IAKAR', 'LBEKKE', 'LAERTS', 'SGEUKE', 'TGEUKE', 'VJANS1', 'DBLOCK', 'JLINDE', 'LVANNU', 'JWIELA', 'RAKBUL', 'NBENAL', 'AJANS2', 'WJONGE', 'RKLEPP', 'VLEYSE', 'JMAES4', 'HVEREY', 'CRAHIE', 'IFRIMP', 'JVIS', 'MKLAPH', 'NSCHEE', 'PBERVO', 'SYS_NHENSM', 'WMWAVERESET', 'GCHARO', 'MLOE', 'NMERT2', 'RJESPE', 'JPREAU', 'LHENCK', 'SMETIN', 'TBATSE', 'JGORP', 'MGORRE', 'DCALST', 'MBAL', 'PMANDA', 'STIMM6', 'TBIE', 'CMIELT', 'FGUTIE', 'HLAET', 'JMAEYN', 'MBAIRI', 'NZOONS', 'MLOEND', 'DTHIJS', 'MKAMAR', 'PREP7', 'PREP8', 'WMSCHEDUSER', 'WMAUTOWAVE', 'SYS_ABERGH', 'SELKHA', 'TLODEW', 'MHOLTA', 'SOTS', 'SOOSTE', 'MVALGA', 'KJANS1', 'ASIMON', 'EWILLE') and IS_CANCELLED <> 1 and do_status IN ( '150','165')",
          "query": "select tc_order_id from NIKEWM1064ER.orders where created_source in ('KLAENE', 'SCAUWE', 'MBEECK', 'VMEUS', 'PBUKEN', 'WVANGA', 'TCALLE', 'HWITH', 'SREUSE', 'SCEULA', 'HPATLA', 'CVEREL', 'CAELST', 'KLEYS', 'SYS_CPUNIE', 'SYS_HVANIE', 'SYS_LVAND8', 'AHARTS', 'AVOERM', 'CREYN1', 'JYARAM', 'LRUYSS', 'AWOUTE', 'CFONTE', 'DHOREM', 'MLINGE', 'SYS_JKERSE', 'WMSLOTUSER', 'BVOOGT', 'RSARI', 'SELBEZ', 'SHALAW', 'AQUIRY', 'NWASS2', 'OGUZEL', 'SBARKA', 'LLEEMA', 'BBEVER', 'BPHILI', 'EZENUL', 'ASENGU', 'DNOBLE', 'KWAGEM', 'WRUDDE', 'AMACHI', 'AGRAEF', 'DLEMME', 'ASMITS', 'CENGEL', 'HMENIG', 'MMOONS', 'SLEUVE', 'YVEL', 'JVERR1', 'PQUARE', 'SOZTUR', 'LPELG1', 'SKWANT', 'ECHABA', 'SPEET6', 'SBOEC2', 'AKOUTA', 'CVANH1', 'GPFAFF', 'HERYIG', 'JHARNE', 'RMOLS', 'KGOETH', 'ASEVER', 'EMEYER', 'JOOMS', 'JWITH', 'LHENDR', 'TGIJSE', 'YCHAHC', 'HDURUK', 'IKERTO', 'JLETUR', 'ABADAL', 'VPROOS', 'JCRAEC', 'JONRAE', 'JVANDE', 'NWILLE', 'TGELDE', 'TJANS1', 'LWINDT', 'LCOCHE', 'MRAYMA', 'DDESAL', 'JBEC11', 'JVANOE', 'NPAD', 'SLOYEN', 'LHEYLE', 'JLEMME', 'KGORP', 'GCLOES', 'SYS_GAVCI', 'AOUZAH', 'DKARA1', 'GJEACQ', 'CR6055', 'JTRIER', 'WWYNA1', 'JGEERT', 'MLAUWA', 'MPEETE', 'MYUKLE', 'MFAYEK', 'LVANH1', 'SJANSS', 'VHEYLE', 'MCORN1', 'HENGEL', 'WVAND4', 'DMOONS', 'JBRANS', 'DCARM2', 'ADOCHE', 'NLOUWE', 'KROUCO', 'CJANSS', 'HMAES', 'NMELLE', 'GBOYZO', 'KSOOLS', 'AVAN18', 'DGEUE1', 'KVRANK', 'BN4135', 'RLOY', 'JJOOST', 'RO8787', 'CLUYTS', 'GSMEDT', 'SP2123', 'HBYLEM', 'TSTEVE', 'BWYNS', 'WVERBR', 'JROOFT', 'MTAEYM', 'LS3490', 'DOTTO1', 'FEXELM', 'GVANHE', 'IASCH', 'JBRANC', 'LGEUEN', 'MMACHI', 'SCAST1', 'CHEYLE', 'RGORIS', 'FBAETE', 'SKRIEC', 'JBRONC', 'ABERLA', 'GDAAL', 'ECARRI', 'JWAGEM', 'CBROU1', 'GTHEYS', 'KOBBER', 'TSTUYC', 'MDIJCK', 'MHOEYK', 'MVONCK', 'SLAURI', 'MMACDO', 'MTRUA1', 'FBROEC', 'JMCIN4', 'KDHAKA', 'SKANAG', 'AYILDI', 'ATURAN', 'DVERBR', 'FSECGI', 'RGROND', 'JLENS1', 'ACLONE', 'BBACKE', 'BSMET1', 'SBOUW2', 'NKORTL', 'KTORB1', 'FMONAR', 'ACAMP', 'EIBISI', 'JCOLLA', 'JVANL1', 'LGAETE', 'NSCHAT', 'CDAELM', 'DVOS', 'EHUNCK', 'GHEUCK', 'JCELIS', 'KKIND', 'MWILL1', 'NMORAL', 'PWELLE', 'GLUFFI', 'MLUXEM', 'MCLAUW', 'SOPSTA', 'BDELAE', 'JNOYEN1', 'TSCHE6', 'MJAC39', 'CSTES1', 'BVRANC', 'AMAES1', 'HSUKUN', 'CNEVEL', 'CJACO8', 'JVAN53', 'JVAN67', 'KENGE1', 'MKERKH', 'MBROE1', 'RMARI2', 'ROPRIN', 'SMEVES', 'YMARI1', 'SPEET4', 'TJANS4', 'SHAESE', 'BGOMBE', 'RHANSS', 'TDESIR', 'TVANSC', 'WTHEUN', 'DVAN24', 'RHAR21', 'LBELLE', 'SVANH4', 'DN0773', 'SN0376', 'GD6842', 'AG3552', 'AG7119', 'AH0369', 'MH3841', 'LH3520', 'EJ0178', 'IJ0005', 'BL3343', 'AGIESE', 'YGEERA', 'SPEET5', 'AVANL1', 'KVERS1', 'JMATHE', 'YBAATE', 'EBOLT', 'LWINDR', 'JNYIRA', 'BTHEUN', 'BMORRH', 'THOEDE', 'PSMOLD', 'CJANS3', 'JVAN62', 'ABALGA', 'BMAST1', 'GSCHR1', 'CWACH1', 'KCAUWB', 'MMVILA', 'MREYN2', 'DOLMEN', 'KVERH2', 'TMAES1', 'AFIKRI', 'CRIZZI', 'DBOLL1', 'FBACKX', 'KAERDE', 'CDEWAC', 'CL3728', 'PS9881', 'ML3183', 'VT1684', 'AU3553', 'DV9885', 'CE0929', 'WG3515', 'SJ1544', 'WV0211', 'MBIET1', 'KSTESS', 'JKEND1', 'ZAKARO', 'KHOSKE', 'LBOEC3', 'LC3786', 'WOCRAN', 'ZVANWE', 'MLUYTE', 'SSANTE', 'JCAMPS', 'MD0956', 'JDESME', 'KMEURI', 'BCORT1', 'BD3266', 'RD1975', 'YD6103', 'EF3109', 'LG5344', 'SV2019', 'BV3723', 'SV7822', 'SV1591', 'WV3347', 'SV0295', 'PV1147', 'TV5167', 'JV0450', 'JV3565', 'AV3980', 'VV6861', 'BV3545', 'BV8704', 'MV8365', 'SC4196', 'CV0514', 'DKURAL', 'HGOKTA', 'ELAUW2', 'MDERUT', 'NVERBR', 'SJANS1', 'DSTERC', 'KFONT2', 'YPHILT', 'JDIERC', 'JSMEE1', 'EPERCH', 'DLEEME', 'MBECKE', 'MOPSTA', 'YVANDA', 'EBOGA1', 'ASCHA9', 'GBOSE', 'NCAMMA', 'PCASAL', 'RREEVE', 'SMCCL9', 'TJEANL', 'LOULDH', 'BMARTE', 'MJANS4', 'LBEENE', 'FWITTE', 'CEEDT', 'ASINER', 'KVANBI', 'NVERB2', 'KPEET1', 'VVLOEB', 'RBRUYN', 'SCLAE4', 'EACHT1', 'MVANL6', 'TDEJAG', 'LLEMME', 'BBOGAE', 'WDELIE', 'MM6898', 'TC2998', 'CN0245', 'JC3719', 'JN5771', 'SD3554', 'LD0896', 'SGULHA', 'AD4749', 'MG0003', 'GG3479', 'CH0286', 'EH2512', 'KLUYT2', 'VH9809', 'JR0963', 'SS7983', 'HS7070', 'SGOELE', 'SV6499', 'WJAMES', 'FDEEKM', 'GFERR1', 'HNAULA', 'SADRI1', 'FMANUE', 'JSOBKO', 'CSILVA', 'JNYS1', 'RCUYX', 'GANTHE', 'SSTRIC', 'EJACO1', 'GAKEND', 'JPINAS', 'HPOESM', 'AGHOOS', 'GLAMBA', 'SVAND9', 'WBIJLE', 'KMASSO', 'SPELSM', 'LOOMS', 'RBOESM', 'XKEMPS', 'SCORNE', 'JAFIFI', 'AGOOD2', 'BNOBEL', 'EHEYLE', 'HENGE2', 'RBOLDE', 'AHEIVE', 'TWILL2', 'DSO2', 'SEURIS', 'DVANOL', 'LHEYN2', 'RCRUYS', 'TPAYLA', 'ACHTIO', 'BSTYNE', 'FVONCK', 'HGAINI', 'JDUART', 'MHRAMC', 'DTSYEN', 'JPIANA', 'MMANIS', 'YNGWET', 'PHOLLA', 'DBUYS', 'JDANEE', 'MPEET5', 'NMERT1', 'SBORTE', 'YMAALE', 'FARAS', 'NNAHOO', 'KWENS', 'NETTIE', 'PDIER2', 'TGIESB', 'CHERCK', 'FAERTS', 'KVANKR', 'PGOETE', 'IYILDI', 'JCLAE8', 'SJANS6', 'SPOESE', 'TWEYE2', 'AZAJGU', 'EBREMS', 'PPELGR', 'MMICHI', 'SLEYSE', 'WVANGE', 'DEELEN', 'IMAKRI', 'MMOER1', 'SBRUYN', 'JLOOY', 'JVERAG', 'FNETO', 'JPELGR', 'TVERAC', 'KWUYTA', 'LBOUMA', 'ROST', 'MBUYSE', 'GKOCK', 'PVANDE', 'GGOOLA', 'NWILL1', 'SAHDOU', 'EFAES', 'IVERDO', 'RSLIJN', 'SVLIER', 'WGEENS', 'HCHATI', 'KSALAE', 'OHAMDA', 'PSCHEP', 'KSCHIL', 'SLACHI', 'DWEEKE', 'ESTEYL', 'JSMET', 'AINDES', 'KJANE', 'AGIEL1', 'AURBAN', 'LCROON', 'PPOORT', 'SRAJA1', 'TBASEL', 'SGEER2', 'SBOECK', 'BBROE1', 'PVERFA', 'BLEEMP', 'KLAUWE', 'LBOEC6', 'MTAHIR', 'ESALI1', 'MREYN3', 'RLAGRI', 'JVERB2', 'KNYS', 'KPEET8', 'LJANS4', 'PESCOB', 'SHEND2', 'FHENDR', 'MTAHA', 'JLAM', 'LKARKA', 'SYERR1', 'CHOVEN', 'CPUNIE', 'MGELEN', 'NCOSAR', 'KKEPPE', 'GMEYN1', 'TCANNA', 'WVERLI', 'TDEPEU', 'JKLIN2', 'PBONTH', 'KBAMP1', 'JLAMB2', 'DVEEKM', 'SNOENI', 'AGJOKA', 'KVANPE', 'APOESM', 'RMOON1', 'YPOESM', 'AAKOWU', 'MKOSE2', 'SA1727', 'HA5855', 'AB4608', 'HC7659', 'LC6665', 'WD3408', 'JP3425', 'PP9383', 'AS3182', 'BV0795', 'BAKOWU', 'MBOSSE', 'MKOSE1', 'YFOSTE', 'SHOOF', 'WBROEK', 'KHILLE', 'KPOLAM', 'KKODA1', 'LVENK1', 'NPARIA', 'NNAREN', 'SYS_BWIJN1', 'OKARET', 'PGOVI4', 'PSIBB1', 'RROSHA', 'RAGAR1', 'SPIDAM', 'SPARI3', 'SDUGAL', 'SBISW7', 'SBAJPA', 'TAHMA1', 'SYS_BJANNE', 'SYS_BTHIJS', 'SYS_JSOBKO', 'SYS_LOULDH', 'SYS_MVAN17', 'SYS_MBRUYN', 'SYS_RLOY', 'SYS_SNAND5', 'TBAYLA', 'ELAGEN', 'JSTEEN', 'VVAND6', 'JMARTI', 'SWEYE1', 'YGRAUW', 'HVILVA', 'EHAXHI', 'MBOGE1', 'LVANG5', 'JCONIN', 'SBORAL', 'SVREY2', 'RVANHO', 'AKROUW', 'AAKSOY', 'MBOGE', 'AV2044', 'SMARYN', 'RREDD4', 'KW2910', 'RV3722', 'IBIESM', 'ECOOL1', 'SYS_JDEVAD', 'ADUMOU', 'KWYNS', 'LSCHOB', 'EVANSA', 'SAKUL2', 'ASEKH1', 'SDE8', 'JTHIPP', 'JMAND4', 'JEMMAN', 'AEYND1', 'SMOUSA', 'HELGAZ', 'NELGAZ', 'GVANE1', 'AOUZA1', 'DBUYND', 'BNAGEL', 'GROSIE', 'JTHIJ1', 'MDILLE', 'RHUYS2', 'WOPSTA', 'VTHEIV', 'LB3097', 'EL1912', 'PGIRI2', 'AW9457', 'YJ6243', 'JY6243', 'KSCHE2', 'ARaju2', 'ACHOU6', 'AELANG', 'ABISW3', 'ADAS17', 'ASAMA3', 'BGRACE', 'BREKH1', 'BDE4', 'DNAND2', 'DKARU1', 'SGOKHI', 'JTHO78', 'KJAYAW', 'KRAJA', 'MVELUS', 'MDAS2', 'AEHSAN', 'MBHUIY', 'NGUHAM', 'NSUPR1', 'OCHAUD', 'PSUJIT', 'PSHAW3', 'PPAND8', 'RPAND8', 'RRAI2', 'RSEN5', 'RRAM17', 'RSHAW7', 'SADHI2', 'SMRID1', 'SSHA41', 'SBOSE1', 'SROY12', 'SDAS30', 'TCHA30', 'SYANAD', 'NMOH11', 'ACHA43', 'AMAJI', 'SNAND51', 'SMOHA9', 'SSELV7', 'CVC', 'SDAS32', 'ABANE9', 'TESTER1', 'MIRFAN', 'RRED23', 'PJOSSY', 'RCHOU2', 'SKHAL3', 'SMILN5', 'ARAJU2', 'ASARAV', 'ABHUIY', 'ASIN54', 'ADAS20', 'JBAND3', 'JKUND1', 'SSAYED', 'SNAIR9', 'SPRA13', 'SBHAN2', 'TGHOS2', 'TSRABA', 'VKUM32', 'VMANI1', 'VCHEL1', 'VHIREM', 'VRAMAK', 'VDUBE3', 'CPOLLO', 'SMANT3', 'UKUMA4', 'NGANG1', 'BPENDY', 'JDEVA2') and IS_CANCELLED <> 1 and do_status IN ( '150','165')"
        }
      ]
    },
    {
      "id": "6",
      "name": "DOid4",
      "description": "Get the list of DO id's",
      "queries": [
        {
          "query": "select tc_order_id from NIKEWM1064ER.orders where created_source in ('MSWAEL', 'KKERCK', 'JOEYE1', 'KVERBI', 'GHEYLE', 'FCOP', 'DSAEDE', 'DMACRI', 'SSMOLD', 'SBRAND', 'system', 'WMADMIN', 'LMADMIN', 'SNEUTJ', 'YBOSMA', 'AAYDI1', 'ACASTE', 'ImportUser', 'AGEURT', 'AGEVER', 'AGOOSE', 'BTEMME', 'BWALBE', 'CCEULE', 'CCUYVE', 'CRAYMA', 'CPEET3', 'CSTEUR', 'CSTEYA', 'CVERVO', 'CWILLE', 'DAERTS', 'MYUNU1', 'MELKIL', 'DESAJA', 'DFONTA', 'DKASAP', 'WMChaseUser', 'DKERPE', 'SBROWN', 'EAKSOY', 'LMARCE', 'SMADRI', 'RVANGR', 'JBERT1', 'DDESAD', 'BDESSE', 'RMEEUW', 'ABAJRA', 'NZIVAN', 'TEMP-CSET', 'TEMP-GATE', 'FBAYR1', 'FDAEMS', 'FGOKBA', 'CLENAE', 'GBELEN', 'GKOCAO', 'GVANH2', 'HAKCAY', 'HAKGOZ', 'HSANNE', 'IBOSMA', 'IDEMIR', 'IGENEC', 'IMENSC', 'INUYTS', 'IVANDE', 'IVANEL', 'JBOONS', 'JBOSSC', 'JDEWOL', 'JHASS', 'JHOOYB', 'JJENNE', 'JKERRE', 'JMACIN', 'JPANKA', 'JPHILI', 'MDAEM1', 'JSABBE', 'JSMOLD', 'JOLAER', 'ASMETS', 'SDIJCK', 'MBRUYN', 'BWIJN1', 'BJANNE', 'SNAND5', 'AROEY', 'HVERH1', 'LVAND8', 'GRAEYM', 'JM3997', 'DKOEVE', 'NDAS1', 'CBASAV', 'KABHIS', 'PBHANS', 'DSUVAR', 'KM3533', 'JM3717', 'MHESSE', 'TEMP-TRAN1', 'TEMP-TRAN2', 'BKITTU', 'HM3199', 'DM3326', 'RKANNA', 'PSMET', 'IOZGUR', 'THAERE', 'KEMMER', 'NVERBO', 'NPEET1', 'VVERBI', 'SFRANS', 'WPEETE', 'DVOETS', 'EBLOCK', 'MHEUSER', 'SB3544', 'LVERHE', 'JDEVAD', 'TPHIL7', 'BVAN10', 'SEERLI', 'MMOL1', 'BTHIJS', 'SVAND7', 'RAGUI4', 'AMURAT', 'LHUYS', 'MMORAN', 'RRAATG', 'AHULSM', 'NSOMER', 'ABERGH', 'MCAMS', 'EVERRE', 'GVERSC', 'PVERST', 'MWON14', 'JWOUT1', 'TDRIES', 'AMERCK', 'MPEET3', 'YSCHOO', 'YSCHU2', 'MSMITS', 'TVERDO', 'INVSYNC', 'FWELLE', 'MMIERL', 'KHAJEK', 'KEYCKM', 'CMAGIS', 'EBOONS', 'DPEETE', 'BSLEEG', 'MVAN17', 'TPEET2', 'MWEUST', 'MMENTE', 'TEMP-OPS2', 'TEMP-SOXOPS', 'TEMP-DISTPL', 'TEMP-WMSUP', 'TEMP-MANH', 'TEMP-LOADPL', 'TEMP-CUST', 'PREP1', 'PREP2', 'PREP3', 'PREP4', 'PREP5', 'PREP6', 'KMOUSS', 'RBENS', 'PBEST', 'SBODAE', 'ABOUWE', 'MVANLO', 'AMOLS', 'JBOOGE', 'ACAERS', 'PKURRE', 'BBAERT', 'SJANS', 'LLAARH', 'AFARES', 'AGEERT', 'AHAJI', 'AISSAM', 'ALAKTI', 'ALETKI', 'AOEYE1', 'APEETE', 'APINAS', 'HPAUWE', 'TEMP-INBPL', 'JSUCKE', 'SRITS', 'TEMP-PREP', 'TEMP-INV1', 'TEMP-INV2', 'TEMP-INV3', 'SLAMME', 'NPOETS', 'NBROND', 'KMANGE', 'EVANUF', 'RSIMO4', 'CBROEC', 'RNEYEN', 'HSCHRO', 'GBRUC2', 'GBUKEN', 'MCAMPF', 'GCHAMA', 'JEYKMA', 'SHAAZE', 'MMAES', 'DMERTE', 'ENIJS', 'FJEGER', 'ESAELE', 'FSMIT', 'SSTERC', 'SVANEL', 'AVANDE', 'EVANDU', 'AVANSA', 'SVERHE', 'ABOECK', 'ACOPPE', 'ACUYPE', 'ARENDE', 'ASANT', 'ASUNKU', 'AVAND4', 'AVANME', 'BBELMA', 'BBERRE', 'BCANNA', 'BILKSO', 'BJONCK', 'BKEIJZ', 'BKONIN', 'BLAVRI', 'BLOOY', 'BPEET3', 'BROOY', 'BSTERC', 'BYILDI', 'BYILD1', 'CBRUYN', 'CMOONS', 'CNEYS', 'CREYME', 'CSTEYN', 'CVAND2', 'CWIL47', 'DGEVER', 'DILIAE', 'DKENNI', 'DPELGR', 'DRUELE', 'DSZULZ', 'DTHEYS', 'DVOLDE', 'EADABO', 'EBERHE', 'EBOERB', 'EBURAK', 'TEMP-HLPDSK', 'TEMP-OPS1', 'TEMP-GWMS', 'EEMIZI', 'EJANSS', 'EKAHRA', 'EKAPLA', 'ELEYSE', 'ESTEEN', 'ETAEYM', 'EVERHA', 'EVOLDE', 'FOZTUR', 'GBAX', 'GNYS', 'GVASTM', 'GVLEUG', 'GWINKL', 'HGULI1', 'HMOUSS', 'HTRUYE', 'ICADIR', 'EEYKMA', 'EHAKYE', 'EHEMEL', 'IKELDE', 'ILOEY', 'IPLU', 'IVISSE', 'JAERT1', 'JBREMS', 'JBUNTI', 'JCEUST', 'JCLAE3', 'JDANIE', 'JDEWIL', 'JDONIN', 'JENGE1', 'JHENDR', 'JHEYLE', 'JHOOYD', 'JHUYSM', 'JLANGE', 'JLUYPA', 'JMERTE', 'SYS_BLEBLE', 'SYS_JOLAER', 'SYS_ASMETS', 'SYS_MSWAEL', 'SYS_JDEROM', 'SWOUT4', 'GDRUYT', 'HHOUTM', 'JLEYSS', 'JVAN76', 'UTOLE2', 'FBERIN', 'CWITTE', 'NTIMME', 'BBENS7', 'ETUBBE', 'YOZTUR', 'CPUNI1', 'IPEETE', 'JDEVOS', 'NVERHU', 'RVLOEB', 'JSTORM', 'SMATTH', 'NVORSE', 'JMOON3', 'YKERKH', 'JROOSE', 'JSLEGE', 'JVELD1', 'JVENNE', 'JVERL1', 'JVERWA', 'JVINK', 'JVLAMI', 'JVOETS', 'JZAALM', 'KADAMA', 'KARENT', 'KARK', 'KBIRIN', 'KFANSA', 'KHASSA', 'KKASMI', 'KMICHI', 'KMOND1', 'KPEETE', 'KPRINC', 'KRIJCK', 'KROY', 'KTSYEN', 'KVEN', 'KVERRE', 'KVERST', 'KZAREE', 'LBEERD', 'LCAMBR', 'LCOLLI', 'LDREES', 'LGOMPE', 'LJANS1', 'MADAHC', 'MBENII', 'MCHAMM', 'MDIJKS', 'MDURAN', 'MKARAB', 'MMENTZ', 'MMERTE', 'MMONSI', 'MRIEVE', 'MSMEET', 'MZABOT', 'NAERTS', 'NGASSE', 'NNICAS', 'ODEMIR', 'OVOLKA', 'PCABUY', 'PMAES', 'PRUBEN', 'LADAMA', 'LBEYEN', 'LBOECK', 'LGOMBE', 'MSEIGE', 'MVANHE', 'MVERH1', 'NBESAU', 'NBOSMA', 'NHERCK', 'PVERME', 'RSAHIN', 'RVERCA', 'SALBAS', 'SBENS', 'SCORVE', 'SDAEME', 'SDORDE', 'SHIRA2', 'SHONDT', 'SKELE', 'SKHATT', 'SKUTLA', 'SMAAGO', 'SNISI', 'SNUYT1', 'SPOELM', 'SPOPPE', 'SREYME', 'SRIEMI', 'SSCHEF', 'SSMEET', 'SSTREM', 'STHIJ1', 'SYEMEN', 'TCOOLS', 'TCUZZO', 'TEVERS', 'TJENNE', 'TRENIE', 'TSTROE', 'TVOET', 'KDEREY', 'KLUYTE', 'KMACQU', 'LPAUWE', 'LPAUW1', 'LSMEET', 'LVERSW', 'LVREYS', 'MALLAR', 'NHESEL', 'KVANBR', 'NTRUYE', 'CSEVER', 'OMANAI', 'PEVANG', 'PHOUTM', 'PLAET', 'ESPAUL', 'RAKSO', 'RBAPT1', 'RBECK1', 'RBRAN1', 'RBRYS', 'RCIFCI', 'RCLAES', 'RCOOMA', 'RDAVRE', 'RGLINS', 'RJEUR1', 'RMOESE', 'STUCH', 'SVAND3', 'SWOUT1', 'SWOUT2', 'TBELLE', 'TCEULE', 'TDAMEN', 'TDEMIR', 'TRIDWA', 'TSCHEL', 'TVERBR', 'KOZCAN', 'KTHIJ1', 'KVANGE', 'MBOONS', 'MCALTA', 'MCEUS1', 'MDAMOU', 'MDEMIR', 'MEGEMA', 'MGIJBE', 'MHEREM', 'MHEUVE', 'MJAN12', 'MLAKTI', 'PVELDE', 'TWILLE', 'TWOUT1', 'UHERKU', 'UKONAK', 'VCHAR2', 'VCOOLS', 'VILJAZ', 'VLAES', 'VNDOMB', 'VTHANH', 'VVREED', 'WBERGH', 'WGOORM', 'WVERJA', 'WWAUTE', 'WWEYNA', 'WWILLE', 'YAKCA', 'YSAAD', 'YSCHUT', 'YVAN1', 'ZMONAI', 'IMENGE', 'KMAERS', 'AARUJO', 'ABERG', 'AVAND3', 'BBENS1', 'BPEETE', 'BSEMMY', 'CCORVE', 'CVANG1', 'DPAUWE', 'EOZVER', 'ERUEL1', 'EVANHO', 'FMOSCA', 'NLOOY', 'PBASTE', 'PLAEN1', 'PMAES1', 'RVAND3', 'SPEET1', 'TWEYMA', 'TYILD1', 'ZOUSSA', 'YCLAE2', 'HGULHA', 'SGRANA', 'SJANS9', 'CVOLDE', 'ILENAE', 'GEYSER', 'HCLAES', 'NBOLLE', 'MYILDI', 'NALTIN', 'VCEUNE', 'VPEETE', 'CLOOY', 'EYILDI', 'GSANEN', 'DVERAC', 'AFADI', 'AHAUTE', 'ALADOY', 'AVERHE', 'AWYFFE', 'BBENSC', 'BLAFOS', 'BSLEGE', 'DVANMA', 'EHEUVE', 'FALBER', 'FFRICK', 'GCELEP', 'GVANWU', 'HBOLLE', 'HGEMER', 'HPEET1', 'IAERTS', 'ILIEKE', 'JSANDE', 'JVANDO', 'JVERBR', 'KBREMS', 'KDEWIN', 'KHUYSM', 'KKIEKE', 'KTHAE2', 'KWACHT', 'LHEND1', 'LVINGE', 'MBOVE', 'MDAENE', 'MLEMME', 'MREYND', 'MVAN9', 'NDONS', 'NHEYL1', 'NKELE', 'PKENE1', 'RVAND4', 'SGILIS', 'TBREUG', 'VWATER', 'WCRUYS', 'YBAEL', 'DMERT1', 'RPANT', 'SKUMAR', 'RSWAIN', 'SCHITA', 'SPANIG', 'KBOMMA', 'SKAIGA', 'ECLAE1', 'CSCHEL', 'CSMEET', 'CGELEN', 'MJANS5', 'MHOEYL', 'LRAUWS', 'MBAETE', 'SLOUWE', 'ENUFFE', 'JGRAUW', 'JSWIJS', 'NNWOKO', 'MBAUWE', 'FDUR1', 'ERUELE', 'SMEUWE', 'FSWANN', 'HHOOF', 'FFRANS', 'RHEND9', 'DDILLE', 'IWASSI', 'TVANHA', 'GLAENE', 'GBARTE', 'KKENNE', 'CKRAME', 'KRYKER', 'LRUFFA', 'JLEYS', 'KPEUTE', 'EMEULE', 'NPEET2', 'kadama', 'LVANBO', 'CSPOOR', 'AVERS1', 'CWILL2', 'JWIAME', 'SHELSE', 'WGEERO', 'WHEND1', 'WVAND5', 'YAVCI', 'WHEND2', 'JENGEL', 'BTHOEL', 'TBAESS', 'VNGUYE', 'AAYDI2', 'DAYDI1', 'ZBODUR', 'LBOEC1', 'LBOEC2', 'EBOUA', 'ZBOUWE', 'GCAMBR', 'JCAMBR', 'HCESUR', 'LCOENE', 'BDALGI', 'GCEULA', 'HVAN6', 'BACKER', 'DHUYSM', 'MLAKT1', 'NRAVAU', 'POZTUR', 'JNIJS', 'ODEMI1', 'MREYCK', 'MBENAI', 'ACIGCI', 'KBRAND', 'VCALIS', 'BOTTEN', 'MYUKSE', 'MYUKS1', 'RROZE1', 'RGEEL2', 'BSWERT', 'CLIGOR', 'CHEYND', 'DJONKE', 'GBELAR', 'JSPREN', 'MFCHOU', 'BLAURG', 'IAZOUG', 'VOZDEM', 'IDELAF', 'YDELAF', 'EDEMI1', 'AGAMOU', 'VGALLE', 'CGARCI', 'SGEERT', 'BGOOS', 'THOREM', 'CSAPIO', 'MWILLE', 'OODEMI', 'UTOP', 'GBUYEN', 'FBALL3', 'GCEUST', 'MYAHYA', 'TVANHE', 'WDRIJB', 'SLUBEC', 'AABBIU', 'NDAS', 'RGEEL1', 'AKODOU', 'GMARTE', 'KBUCK', 'KMEYNE', 'KROMPA', 'KZYGMU', 'LFERRA', 'LHUYBR', 'LTAELS', 'NGATTO', 'NMECHE', 'NWOUTE', 'OONAL', 'KHENDR', 'RNIJS1', 'KBOECK', 'KPUT', 'AAYDIN', 'EDEMIR', 'MWAMBU', 'SAERTG', 'HAYDI1', 'YBOERS', 'MOOSTV', 'AAKBAS', 'ETIMM1', 'MVANSI', 'SCOLAE', 'FMARI1', 'ISIDER', 'LHAES', 'WVANDE', 'SLYASS', 'KEELEN', 'CTREKE', 'DVERSW', 'GCOCAO', 'MZIANI', 'AYOUSS', 'ASEDDI', 'WSTEUR', 'KVERME', 'CHAESE', 'JCAERT', 'JGEENS', 'KBAUDU', 'SRAMOS', 'TMEYST', 'BBEYEN', 'RRUSSO', 'AYAHYA', 'IADAMO', 'JBOSCH', 'KCUYPE', 'SAERT1', 'SAISSA', 'LAKWEI', 'MAKWEI', 'FANTWI', 'KBANTU', 'BBELCK', 'ELUSSA', 'BMAES', 'LMAES', 'CMAEYN', 'FNGOM', 'KNUYTS', 'YNUYTS', 'NOIZAZ', 'ROKUNE', 'JPEETE', 'AARZU', 'BBEKOV', 'CUSAME', 'CSERN1', 'GHEYL1', 'LCOLOG', 'PGEMER', 'SNUYEN', 'SBLOEM', 'GKANLI', 'JKERSE', 'MCHEBK', 'JEYNDE', 'RAUWER', 'LZEGVE', 'SBAKHT', 'EBOLAT', 'IHOOGT', 'LVANDE', 'BVERAC', 'RZAMUD', 'LBIERI', 'JSTROO', 'EJACOB', 'BKAGWE', 'EKALEN', 'MOKSUZ', 'ACUMPS', 'TSANEN', 'LMALL1', 'CVANDY', 'NSTERC', 'JPAULU', 'KFRANS', 'VQUARE', 'LCLOOT', 'bsemcz', 'BSEMCZ', 'PBOECK', 'AELABD', 'MNADJI', 'GABT', 'MMBALA', 'NBULCK', 'ALEYS', 'ESAFRA', 'MTURKM', 'ANIEUW', 'NBELHA', 'ATAWAN', 'RREUSE', 'CADELA', 'BAKBUL', 'WDANKE', 'SGLASS', 'BHENDR', 'LHUFKE', 'MLAM1', 'JLEMM2', 'RMARIE', 'MMICH1', 'AMOSCA', 'ROZKAN', 'KPLACI', 'ESPRUY', 'KSCHOO', 'MHELSE', 'LHEYNS', 'THOMAW', 'CDREEF', 'MSANLI', 'MSEKER', 'ASOZER', 'TSTERC', 'RSTUYC', 'BTRAN', 'JTUYIS', 'AVANLO', 'SWAUTE', 'AWUYTS', 'MYOLCU', 'EPIRS', 'EROELS', 'SDEURE', 'ESTEUR', 'KASARA', 'MCUYLA', 'MAYARI', 'SAKTAY', 'BDEGEY', 'TVAN13', 'MGEYSK', 'NLAGRA', 'GOMER', 'JLAMB4', 'LHAEGD', 'WMEES', 'SBRANC', 'LGIJBE', 'YHOURA', 'RMAES', 'HSWINN', 'CVANHO', 'AVERSC', 'YWIJNS', 'ABOUFR', 'KCORN2', 'AHEYLE', 'YINFEL', 'VJANSE', 'IJANSS', 'AJOORI', 'UKAYA', 'JKENDI', 'SLAUWE', 'ELIEKE', 'JMOONS', 'SMUYLL', 'SPEETE', 'TSAFRA', 'KTUREL', 'CTURKM', 'JBROEC', 'LDOREN', 'SLAERE', 'POLMEN', 'NVERST', 'MWAMB1', 'CWALL2', 'YBORGE', 'DHOEKX', 'FESCOB', 'HLAGEN', 'IJORDE', 'SCETIN', 'IAKAR', 'LBEKKE', 'LAERTS', 'SGEUKE', 'TGEUKE', 'VJANS1', 'DBLOCK', 'JLINDE', 'LVANNU', 'JWIELA', 'RAKBUL', 'NBENAL', 'AJANS2', 'WJONGE', 'RKLEPP', 'VLEYSE', 'JMAES4', 'HVEREY', 'CRAHIE', 'IFRIMP', 'JVIS', 'MKLAPH', 'NSCHEE', 'PBERVO', 'SYS_NHENSM', 'WMWAVERESET', 'GCHARO', 'MLOE', 'NMERT2', 'RJESPE', 'JPREAU', 'LHENCK', 'SMETIN', 'TBATSE', 'JGORP', 'MGORRE', 'DCALST', 'MBAL', 'PMANDA', 'STIMM6', 'TBIE', 'CMIELT', 'FGUTIE', 'HLAET', 'JMAEYN', 'MBAIRI', 'NZOONS', 'MLOEND', 'DTHIJS', 'MKAMAR', 'PREP7', 'PREP8', 'WMSCHEDUSER', 'WMAUTOWAVE', 'SYS_ABERGH', 'SELKHA', 'TLODEW', 'MHOLTA', 'SOTS', 'SOOSTE', 'MVALGA', 'KJANS1', 'ASIMON', 'EWILLE') and IS_CANCELLED <> 1 and do_status IN ( '110','130','140')",
          "query": "select tc_order_id from NIKEWM1064ER.orders where created_source in ('KLAENE', 'SCAUWE', 'MBEECK', 'VMEUS', 'PBUKEN', 'WVANGA', 'TCALLE', 'HWITH', 'SREUSE', 'SCEULA', 'HPATLA', 'CVEREL', 'CAELST', 'KLEYS', 'SYS_CPUNIE', 'SYS_HVANIE', 'SYS_LVAND8', 'AHARTS', 'AVOERM', 'CREYN1', 'JYARAM', 'LRUYSS', 'AWOUTE', 'CFONTE', 'DHOREM', 'MLINGE', 'SYS_JKERSE', 'WMSLOTUSER', 'BVOOGT', 'RSARI', 'SELBEZ', 'SHALAW', 'AQUIRY', 'NWASS2', 'OGUZEL', 'SBARKA', 'LLEEMA', 'BBEVER', 'BPHILI', 'EZENUL', 'ASENGU', 'DNOBLE', 'KWAGEM', 'WRUDDE', 'AMACHI', 'AGRAEF', 'DLEMME', 'ASMITS', 'CENGEL', 'HMENIG', 'MMOONS', 'SLEUVE', 'YVEL', 'JVERR1', 'PQUARE', 'SOZTUR', 'LPELG1', 'SKWANT', 'ECHABA', 'SPEET6', 'SBOEC2', 'AKOUTA', 'CVANH1', 'GPFAFF', 'HERYIG', 'JHARNE', 'RMOLS', 'KGOETH', 'ASEVER', 'EMEYER', 'JOOMS', 'JWITH', 'LHENDR', 'TGIJSE', 'YCHAHC', 'HDURUK', 'IKERTO', 'JLETUR', 'ABADAL', 'VPROOS', 'JCRAEC', 'JONRAE', 'JVANDE', 'NWILLE', 'TGELDE', 'TJANS1', 'LWINDT', 'LCOCHE', 'MRAYMA', 'DDESAL', 'JBEC11', 'JVANOE', 'NPAD', 'SLOYEN', 'LHEYLE', 'JLEMME', 'KGORP', 'GCLOES', 'SYS_GAVCI', 'AOUZAH', 'DKARA1', 'GJEACQ', 'CR6055', 'JTRIER', 'WWYNA1', 'JGEERT', 'MLAUWA', 'MPEETE', 'MYUKLE', 'MFAYEK', 'LVANH1', 'SJANSS', 'VHEYLE', 'MCORN1', 'HENGEL', 'WVAND4', 'DMOONS', 'JBRANS', 'DCARM2', 'ADOCHE', 'NLOUWE', 'KROUCO', 'CJANSS', 'HMAES', 'NMELLE', 'GBOYZO', 'KSOOLS', 'AVAN18', 'DGEUE1', 'KVRANK', 'BN4135', 'RLOY', 'JJOOST', 'RO8787', 'CLUYTS', 'GSMEDT', 'SP2123', 'HBYLEM', 'TSTEVE', 'BWYNS', 'WVERBR', 'JROOFT', 'MTAEYM', 'LS3490', 'DOTTO1', 'FEXELM', 'GVANHE', 'IASCH', 'JBRANC', 'LGEUEN', 'MMACHI', 'SCAST1', 'CHEYLE', 'RGORIS', 'FBAETE', 'SKRIEC', 'JBRONC', 'ABERLA', 'GDAAL', 'ECARRI', 'JWAGEM', 'CBROU1', 'GTHEYS', 'KOBBER', 'TSTUYC', 'MDIJCK', 'MHOEYK', 'MVONCK', 'SLAURI', 'MMACDO', 'MTRUA1', 'FBROEC', 'JMCIN4', 'KDHAKA', 'SKANAG', 'AYILDI', 'ATURAN', 'DVERBR', 'FSECGI', 'RGROND', 'JLENS1', 'ACLONE', 'BBACKE', 'BSMET1', 'SBOUW2', 'NKORTL', 'KTORB1', 'FMONAR', 'ACAMP', 'EIBISI', 'JCOLLA', 'JVANL1', 'LGAETE', 'NSCHAT', 'CDAELM', 'DVOS', 'EHUNCK', 'GHEUCK', 'JCELIS', 'KKIND', 'MWILL1', 'NMORAL', 'PWELLE', 'GLUFFI', 'MLUXEM', 'MCLAUW', 'SOPSTA', 'BDELAE', 'JNOYEN1', 'TSCHE6', 'MJAC39', 'CSTES1', 'BVRANC', 'AMAES1', 'HSUKUN', 'CNEVEL', 'CJACO8', 'JVAN53', 'JVAN67', 'KENGE1', 'MKERKH', 'MBROE1', 'RMARI2', 'ROPRIN', 'SMEVES', 'YMARI1', 'SPEET4', 'TJANS4', 'SHAESE', 'BGOMBE', 'RHANSS', 'TDESIR', 'TVANSC', 'WTHEUN', 'DVAN24', 'RHAR21', 'LBELLE', 'SVANH4', 'DN0773', 'SN0376', 'GD6842', 'AG3552', 'AG7119', 'AH0369', 'MH3841', 'LH3520', 'EJ0178', 'IJ0005', 'BL3343', 'AGIESE', 'YGEERA', 'SPEET5', 'AVANL1', 'KVERS1', 'JMATHE', 'YBAATE', 'EBOLT', 'LWINDR', 'JNYIRA', 'BTHEUN', 'BMORRH', 'THOEDE', 'PSMOLD', 'CJANS3', 'JVAN62', 'ABALGA', 'BMAST1', 'GSCHR1', 'CWACH1', 'KCAUWB', 'MMVILA', 'MREYN2', 'DOLMEN', 'KVERH2', 'TMAES1', 'AFIKRI', 'CRIZZI', 'DBOLL1', 'FBACKX', 'KAERDE', 'CDEWAC', 'CL3728', 'PS9881', 'ML3183', 'VT1684', 'AU3553', 'DV9885', 'CE0929', 'WG3515', 'SJ1544', 'WV0211', 'MBIET1', 'KSTESS', 'JKEND1', 'ZAKARO', 'KHOSKE', 'LBOEC3', 'LC3786', 'WOCRAN', 'ZVANWE', 'MLUYTE', 'SSANTE', 'JCAMPS', 'MD0956', 'JDESME', 'KMEURI', 'BCORT1', 'BD3266', 'RD1975', 'YD6103', 'EF3109', 'LG5344', 'SV2019', 'BV3723', 'SV7822', 'SV1591', 'WV3347', 'SV0295', 'PV1147', 'TV5167', 'JV0450', 'JV3565', 'AV3980', 'VV6861', 'BV3545', 'BV8704', 'MV8365', 'SC4196', 'CV0514', 'DKURAL', 'HGOKTA', 'ELAUW2', 'MDERUT', 'NVERBR', 'SJANS1', 'DSTERC', 'KFONT2', 'YPHILT', 'JDIERC', 'JSMEE1', 'EPERCH', 'DLEEME', 'MBECKE', 'MOPSTA', 'YVANDA', 'EBOGA1', 'ASCHA9', 'GBOSE', 'NCAMMA', 'PCASAL', 'RREEVE', 'SMCCL9', 'TJEANL', 'LOULDH', 'BMARTE', 'MJANS4', 'LBEENE', 'FWITTE', 'CEEDT', 'ASINER', 'KVANBI', 'NVERB2', 'KPEET1', 'VVLOEB', 'RBRUYN', 'SCLAE4', 'EACHT1', 'MVANL6', 'TDEJAG', 'LLEMME', 'BBOGAE', 'WDELIE', 'MM6898', 'TC2998', 'CN0245', 'JC3719', 'JN5771', 'SD3554', 'LD0896', 'SGULHA', 'AD4749', 'MG0003', 'GG3479', 'CH0286', 'EH2512', 'KLUYT2', 'VH9809', 'JR0963', 'SS7983', 'HS7070', 'SGOELE', 'SV6499', 'WJAMES', 'FDEEKM', 'GFERR1', 'HNAULA', 'SADRI1', 'FMANUE', 'JSOBKO', 'CSILVA', 'JNYS1', 'RCUYX', 'GANTHE', 'SSTRIC', 'EJACO1', 'GAKEND', 'JPINAS', 'HPOESM', 'AGHOOS', 'GLAMBA', 'SVAND9', 'WBIJLE', 'KMASSO', 'SPELSM', 'LOOMS', 'RBOESM', 'XKEMPS', 'SCORNE', 'JAFIFI', 'AGOOD2', 'BNOBEL', 'EHEYLE', 'HENGE2', 'RBOLDE', 'AHEIVE', 'TWILL2', 'DSO2', 'SEURIS', 'DVANOL', 'LHEYN2', 'RCRUYS', 'TPAYLA', 'ACHTIO', 'BSTYNE', 'FVONCK', 'HGAINI', 'JDUART', 'MHRAMC', 'DTSYEN', 'JPIANA', 'MMANIS', 'YNGWET', 'PHOLLA', 'DBUYS', 'JDANEE', 'MPEET5', 'NMERT1', 'SBORTE', 'YMAALE', 'FARAS', 'NNAHOO', 'KWENS', 'NETTIE', 'PDIER2', 'TGIESB', 'CHERCK', 'FAERTS', 'KVANKR', 'PGOETE', 'IYILDI', 'JCLAE8', 'SJANS6', 'SPOESE', 'TWEYE2', 'AZAJGU', 'EBREMS', 'PPELGR', 'MMICHI', 'SLEYSE', 'WVANGE', 'DEELEN', 'IMAKRI', 'MMOER1', 'SBRUYN', 'JLOOY', 'JVERAG', 'FNETO', 'JPELGR', 'TVERAC', 'KWUYTA', 'LBOUMA', 'ROST', 'MBUYSE', 'GKOCK', 'PVANDE', 'GGOOLA', 'NWILL1', 'SAHDOU', 'EFAES', 'IVERDO', 'RSLIJN', 'SVLIER', 'WGEENS', 'HCHATI', 'KSALAE', 'OHAMDA', 'PSCHEP', 'KSCHIL', 'SLACHI', 'DWEEKE', 'ESTEYL', 'JSMET', 'AINDES', 'KJANE', 'AGIEL1', 'AURBAN', 'LCROON', 'PPOORT', 'SRAJA1', 'TBASEL', 'SGEER2', 'SBOECK', 'BBROE1', 'PVERFA', 'BLEEMP', 'KLAUWE', 'LBOEC6', 'MTAHIR', 'ESALI1', 'MREYN3', 'RLAGRI', 'JVERB2', 'KNYS', 'KPEET8', 'LJANS4', 'PESCOB', 'SHEND2', 'FHENDR', 'MTAHA', 'JLAM', 'LKARKA', 'SYERR1', 'CHOVEN', 'CPUNIE', 'MGELEN', 'NCOSAR', 'KKEPPE', 'GMEYN1', 'TCANNA', 'WVERLI', 'TDEPEU', 'JKLIN2', 'PBONTH', 'KBAMP1', 'JLAMB2', 'DVEEKM', 'SNOENI', 'AGJOKA', 'KVANPE', 'APOESM', 'RMOON1', 'YPOESM', 'AAKOWU', 'MKOSE2', 'SA1727', 'HA5855', 'AB4608', 'HC7659', 'LC6665', 'WD3408', 'JP3425', 'PP9383', 'AS3182', 'BV0795', 'BAKOWU', 'MBOSSE', 'MKOSE1', 'YFOSTE', 'SHOOF', 'WBROEK', 'KHILLE', 'KPOLAM', 'KKODA1', 'LVENK1', 'NPARIA', 'NNAREN', 'SYS_BWIJN1', 'OKARET', 'PGOVI4', 'PSIBB1', 'RROSHA', 'RAGAR1', 'SPIDAM', 'SPARI3', 'SDUGAL', 'SBISW7', 'SBAJPA', 'TAHMA1', 'SYS_BJANNE', 'SYS_BTHIJS', 'SYS_JSOBKO', 'SYS_LOULDH', 'SYS_MVAN17', 'SYS_MBRUYN', 'SYS_RLOY', 'SYS_SNAND5', 'TBAYLA', 'ELAGEN', 'JSTEEN', 'VVAND6', 'JMARTI', 'SWEYE1', 'YGRAUW', 'HVILVA', 'EHAXHI', 'MBOGE1', 'LVANG5', 'JCONIN', 'SBORAL', 'SVREY2', 'RVANHO', 'AKROUW', 'AAKSOY', 'MBOGE', 'AV2044', 'SMARYN', 'RREDD4', 'KW2910', 'RV3722', 'IBIESM', 'ECOOL1', 'SYS_JDEVAD', 'ADUMOU', 'KWYNS', 'LSCHOB', 'EVANSA', 'SAKUL2', 'ASEKH1', 'SDE8', 'JTHIPP', 'JMAND4', 'JEMMAN', 'AEYND1', 'SMOUSA', 'HELGAZ', 'NELGAZ', 'GVANE1', 'AOUZA1', 'DBUYND', 'BNAGEL', 'GROSIE', 'JTHIJ1', 'MDILLE', 'RHUYS2', 'WOPSTA', 'VTHEIV', 'LB3097', 'EL1912', 'PGIRI2', 'AW9457', 'YJ6243', 'JY6243', 'KSCHE2', 'ARaju2', 'ACHOU6', 'AELANG', 'ABISW3', 'ADAS17', 'ASAMA3', 'BGRACE', 'BREKH1', 'BDE4', 'DNAND2', 'DKARU1', 'SGOKHI', 'JTHO78', 'KJAYAW', 'KRAJA', 'MVELUS', 'MDAS2', 'AEHSAN', 'MBHUIY', 'NGUHAM', 'NSUPR1', 'OCHAUD', 'PSUJIT', 'PSHAW3', 'PPAND8', 'RPAND8', 'RRAI2', 'RSEN5', 'RRAM17', 'RSHAW7', 'SADHI2', 'SMRID1', 'SSHA41', 'SBOSE1', 'SROY12', 'SDAS30', 'TCHA30', 'SYANAD', 'NMOH11', 'ACHA43', 'AMAJI', 'SNAND51', 'SMOHA9', 'SSELV7', 'CVC', 'SDAS32', 'ABANE9', 'TESTER1', 'MIRFAN', 'RRED23', 'PJOSSY', 'RCHOU2', 'SKHAL3', 'SMILN5', 'ARAJU2', 'ASARAV', 'ABHUIY', 'ASIN54', 'ADAS20', 'JBAND3', 'JKUND1', 'SSAYED', 'SNAIR9', 'SPRA13', 'SBHAN2', 'TGHOS2', 'TSRABA', 'VKUM32', 'VMANI1', 'VCHEL1', 'VHIREM', 'VRAMAK', 'VDUBE3', 'CPOLLO', 'SMANT3', 'UKUMA4', 'NGANG1', 'BPENDY', 'JDEVA2') and IS_CANCELLED <> 1 and do_status IN ( '110','130','140')"
        }
      ]
    }
  ]
}
