<assembly xmlns="http://maven.apache.org/plugins/maven-assembly-plugin/assembly/1.1.3"
    xmlns:xsi="http://www.w3.org/2001/XMLSchema-instance"
    xsi:schemaLocation="http://maven.apache.org/plugins/maven-assembly-plugin/assembly/1.1.3 http://maven.apache.org/xsd/assembly-1.1.3.xsd">
  <id>xmlgen</id>
  <formats>
    <format>zip</format>
  </formats>
  <fileSets>
  	<fileSet>
  		<directory>src/bin/</directory>
  		<outputDirectory>.</outputDirectory>
  	</fileSet>
  	<fileSet>
  		<directory>src/test/resources/jsons</directory>
  		<outputDirectory>./jsonconfigs</outputDirectory>
  	</fileSet>
  	 <fileSet>
  		<directory>inputxmls</directory>
  		<outputDirectory>./inputxmls</outputDirectory>
  	</fileSet>
  </fileSets>
  <dependencySets>
  	<dependencySet>
  		<useTransitiveDependencies>true</useTransitiveDependencies>
  		<useProjectArtifact>true</useProjectArtifact>
  	</dependencySet>
  </dependencySets>
</assembly>